ligando,nanoparticula,proteina,y_ligando_proteina,E_nano_proteina,score_ligando_proteina,score_nano_proteina,score_contextual,score_contextual_medio
Folic_acid,ZnO_12_0,1ao6,-9.21,-7.76,2.9479031755003704,1.4140363516585295,4.3619395271589,2.18096976357945
Doxorubicin_proxy_daunorubicin_aglycone,ZnO_12_0,1ao6,-8.36,-7.76,2.379560028816021,1.4140363516585295,3.7935963804745505,1.8967981902372753
Curcumin,ZnO_12_0,1ao6,-7.742,-7.76,1.9663411292266952,1.4140363516585295,3.3803774808852247,1.6901887404426124
Methotrexate,ZnO_12_0,1ao6,-7.615,-7.76,1.8814239767220926,1.4140363516585295,3.295460328380622,1.647730164190311
Tannic_acid_approx,ZnO_12_0,1ao6,-7.531,-7.76,1.8252583010497567,1.4140363516585295,3.239294652708286,1.619647326354143
TAT_peptide_fragment_YGRKKK_6_aa,ZnO_12_0,1ao6,-7.4,-7.76,1.7376665925607575,1.4140363516585295,3.151702944219287,1.5758514721096435
Gemcitabine,ZnO_12_0,1ao6,-6.74,-7.76,1.2963648551352636,1.4140363516585295,2.710401206793793,1.3552006033968964
Biotin,ZnO_12_0,1ao6,-6.604,-7.76,1.2054299516657676,1.4140363516585295,2.6194663033242973,1.3097331516621487
RGD_peptide_Arg-Gly-Asp,ZnO_12_0,1ao6,-6.553,-7.76,1.1713293628647066,1.4140363516585295,2.585365714523236,1.292682857261618
Folic_acid,Au_13,1ao6,-9.21,-2.34,2.9479031755003704,-0.6876301088504001,2.26027306664997,1.130136533324985
Folic_acid,Ag_13,1ao6,-9.21,-2.24,2.9479031755003704,-0.7264062428081293,2.221496932692241,1.1107484663461205
Glutathione_GSH,ZnO_12_0,1ao6,-5.991,-7.76,0.7955542470569373,1.4140363516585295,2.209590598715467,1.1047952993577335
HEPES,ZnO_12_0,1ao6,-5.595,-7.76,0.530773204601641,1.4140363516585295,1.9448095562601706,0.9724047781300853
Lipoic_acid_thioctic_acid,ZnO_12_0,1ao6,-5.395,-7.76,0.39704540538179417,1.4140363516585295,1.8110817570403237,0.9055408785201619
5-Fluorouracil,ZnO_12_0,1ao6,-5.307,-7.76,0.3382051737250622,1.4140363516585295,1.7522415253835917,0.8761207626917958
11-Mercaptoundecanesulfonic_acid_MUS,ZnO_12_0,1ao6,-5.275,-7.76,0.31680872584988673,1.4140363516585295,1.730845077508416,0.865422538754208
SDS_dodecyl_sulfate_anion,ZnO_12_0,1ao6,-5.268,-7.76,0.3121282528771917,1.4140363516585295,1.7261646045357213,0.8630823022678606
Dihydrolipoic_acid_DHLA,ZnO_12_0,1ao6,-5.228,-7.76,0.28538269303322233,1.4140363516585295,1.6994190446917519,0.8497095223458759
Doxorubicin_proxy_daunorubicin_aglycone,Au_13,1ao6,-8.36,-2.34,2.379560028816021,-0.6876301088504001,1.6919299199656206,0.8459649599828103
4-Mercaptobenzoic_acid,ZnO_12_0,1ao6,-5.176,-7.76,0.2506134652360625,1.4140363516585295,1.664649816894592,0.832324908447296
11-Mercaptoundecanoic_acid_MUA,ZnO_12_0,1ao6,-5.165,-7.76,0.2432584362789708,1.4140363516585295,1.6572947879375004,0.8286473939687502
Doxorubicin_proxy_daunorubicin_aglycone,Ag_13,1ao6,-8.36,-2.24,2.379560028816021,-0.7264062428081293,1.6531537860078915,0.8265768930039458
Arginine,ZnO_12_0,1ao6,-5.009,-7.76,0.13895075288749062,1.4140363516585295,1.5529871045460202,0.7764935522730101
Histidine,ZnO_12_0,1ao6,-4.95,-7.76,0.09950105211763575,1.4140363516585295,1.5135374037761653,0.7567687018880827
D-Glucose,ZnO_12_0,1ao6,-4.905,-7.76,0.06941229729317029,1.4140363516585295,1.4834486489516998,0.7417243244758499
Sodium_citrate_citrate3-,ZnO_12_0,1ao6,-4.811,-7.76,0.006560231659842157,1.4140363516585295,1.4205965833183716,0.7102982916591858
D-Galactose,ZnO_12_0,1ao6,-4.806,-7.76,0.0032170366793460616,1.4140363516585295,1.4172533883378755,0.7086266941689378
Citric_acid,ZnO_12_0,1ao6,-4.765,-7.76,-0.024197162160722752,1.4140363516585295,1.3898391894978068,0.6949195947489034
Mannose,ZnO_12_0,1ao6,-4.721,-7.76,-0.05361727798908875,1.4140363516585295,1.3604190736694408,0.6802095368347204
1-Dodecanethiol,ZnO_12_0,1ao6,-4.709,-7.76,-0.061640945942279854,1.4140363516585295,1.3523954057162497,0.6761977028581249
Curcumin,Au_13,1ao6,-7.742,-2.34,1.9663411292266952,-0.6876301088504001,1.2787110203762952,0.6393555101881476
Lysine,ZnO_12_0,1ao6,-4.592,-7.76,-0.13987170848589014,1.4140363516585295,1.2741646431726394,0.6370823215863197
Curcumin,Ag_13,1ao6,-7.742,-2.24,1.9663411292266952,-0.7264062428081293,1.239934886418566,0.619967443209283
4-Aminothiophenol,ZnO_12_0,1ao6,-4.52,-7.76,-0.188013716205035,1.4140363516585295,1.2260226354534944,0.6130113177267472
Methotrexate,Au_13,1ao6,-7.615,-2.34,1.8814239767220926,-0.6876301088504001,1.1937938678716926,0.5968969339358463
PVP_monomer_N-vinyl-2-pyrrolidone,ZnO_12_0,1ao6,-4.441,-7.76,-0.24083619689687424,1.4140363516585295,1.1732001547616553,0.5866000773808276
Methotrexate,Ag_13,1ao6,-7.615,-2.24,1.8814239767220926,-0.7264062428081293,1.1550177339139633,0.5775088669569817
Tannic_acid_approx,Au_13,1ao6,-7.531,-2.34,1.8252583010497567,-0.6876301088504001,1.1376281921993567,0.5688140960996784
Tannic_acid_approx,Ag_13,1ao6,-7.531,-2.24,1.8252583010497567,-0.7264062428081293,1.0988520582416275,0.5494260291208137
mPEG-thiol_n_6_methyl-capped,ZnO_12_0,1ao6,-4.282,-7.76,-0.34714979727665224,1.4140363516585295,1.0668865543818773,0.5334432771909386
2-Mercaptosuccinic_acid,ZnO_12_0,1ao6,-4.27,-7.76,-0.35517346522984333,1.4140363516585295,1.0588628864286862,0.5294314432143431
TAT_peptide_fragment_YGRKKK_6_aa,Au_13,1ao6,-7.4,-2.34,1.7376665925607575,-0.6876301088504001,1.0500364837103575,0.5250182418551788
TAT_peptide_fragment_YGRKKK_6_aa,Ag_13,1ao6,-7.4,-2.24,1.7376665925607575,-0.7264062428081293,1.0112603497526282,0.5056301748763141
PEG-amine_n_3_proxy,ZnO_12_0,1ao6,-4.153,-7.76,-0.4334042277734536,1.4140363516585295,0.9806321238850759,0.49031606194253796
PEG-thiol_n_4,ZnO_12_0,1ao6,-4.114,-7.76,-0.45948114862132355,1.4140363516585295,0.954555203037206,0.477277601518603
Dithiothreitol_DTT,ZnO_12_0,1ao6,-4.1,-7.76,-0.46884209456671294,1.4140363516585295,0.9451942570918166,0.4725971285459083
6-Mercaptohexanoic_acid,ZnO_12_0,1ao6,-3.99,-7.76,-0.5423923841376282,1.4140363516585295,0.8716439675209012,0.4358219837604506
PEG-thiol_n_6,ZnO_12_0,1ao6,-3.933,-7.76,-0.5805048069152848,1.4140363516585295,0.8335315447432446,0.4167657723716223
L-Homocysteine,ZnO_12_0,1ao6,-3.928,-7.76,-0.5838480018957809,1.4140363516585295,0.8301883497627486,0.4150941748813743
Methionine,ZnO_12_0,1ao6,-3.854,-7.76,-0.6333272876071241,1.4140363516585295,0.7807090640514054,0.3903545320257027
PEG-thiol_n_3,ZnO_12_0,1ao6,-3.783,-7.76,-0.6808006563301697,1.4140363516585295,0.7332356953283597,0.3666178476641799
L-Cysteine,ZnO_12_0,1ao6,-3.76,-7.76,-0.6961793532404522,1.4140363516585295,0.7178569984180773,0.35892849920903863
mPEG-thiol_n_3_methyl-capped,ZnO_12_0,1ao6,-3.745,-7.76,-0.7062089381819405,1.4140363516585295,0.707827413476589,0.3539137067382945
Tris_buffer_Tris_base,ZnO_12_0,1ao6,-3.688,-7.76,-0.7443213609595968,1.4140363516585295,0.6697149906989327,0.33485749534946635
1-Hexanethiol,ZnO_12_0,1ao6,-3.657,-7.76,-0.7650491698386731,1.4140363516585295,0.6489871818198564,0.3244935909099282
PEG-dithiol_n_3,ZnO_12_0,1ao6,-3.649,-7.76,-0.770398281807467,1.4140363516585295,0.6436380698510625,0.32181903492553127
Gemcitabine,Au_13,1ao6,-6.74,-2.34,1.2963648551352636,-0.6876301088504001,0.6087347462848635,0.30436737314243173
3-Mercapto-1-propanesulfonic_acid_MPS,ZnO_12_0,1ao6,-3.585,-7.76,-0.8131911775578179,1.4140363516585295,0.6008451741007116,0.3004225870503558
Gemcitabine,Ag_13,1ao6,-6.74,-2.24,1.2963648551352636,-0.7264062428081293,0.5699586123271343,0.28497930616356715
Biotin,Au_13,1ao6,-6.604,-2.34,1.2054299516657676,-0.6876301088504001,0.5177998428153675,0.25889992140768375
RGD_peptide_Arg-Gly-Asp,Au_13,1ao6,-6.553,-2.34,1.1713293628647066,-0.6876301088504001,0.48369925401430647,0.24184962700715323
Biotin,Ag_13,1ao6,-6.604,-2.24,1.2054299516657676,-0.7264062428081293,0.47902370885763834,0.23951185442881917
RGD_peptide_Arg-Gly-Asp,Ag_13,1ao6,-6.553,-2.24,1.1713293628647066,-0.7264062428081293,0.4449231200565773,0.22246156002828865
3-Mercaptopropionic_acid,ZnO_12_0,1ao6,-3.343,-7.76,-0.9750018146138324,1.4140363516585295,0.4390345370446971,0.21951726852234854
Thiomethyl_PEG_linker_2-_2-methoxyethoxy_ethanethiol,ZnO_12_0,1ao6,-3.279,-7.76,-1.0177947103641833,1.4140363516585295,0.39624164129434614,0.19812082064717307
Thioglycolic_acid_mercaptoacetic_acid,ZnO_12_0,1ao6,-3.074,-7.76,-1.1548657045645263,1.4140363516585295,0.25917064709400317,0.12958532354700159
1-Butanethiol,ZnO_12_0,1ao6,-3.07,-7.76,-1.1575402605489231,1.4140363516585295,0.25649609110960636,0.12824804555480318
Polyethyleneimine_fragment_ethylenediamine,ZnO_12_0,1ao6,-2.975,-7.76,-1.2210609651783502,1.4140363516585295,0.1929753864801793,0.09648769324008966
Glutathione_GSH,Au_13,1ao6,-5.991,-2.34,0.7955542470569373,-0.6876301088504001,0.10792413820653723,0.05396206910326862
Glutathione_GSH,Ag_13,1ao6,-5.991,-2.24,0.7955542470569373,-0.7264062428081293,0.06914800424880807,0.034574002124404035
Thioacetic_acid,ZnO_12_0,1ao6,-2.705,-7.76,-1.4015934941251431,1.4140363516585295,0.012442857533386364,0.006221428766693182
Cysteamine_2-aminoethanethiol,ZnO_12_0,1ao6,-2.571,-7.76,-1.4911911196024403,1.4140363516585295,-0.07715476794391085,-0.038577383971955426
Mercaptoethanol_2-mercaptoethanol,ZnO_12_0,1ao6,-2.571,-7.76,-1.4911911196024403,1.4140363516585295,-0.07715476794391085,-0.038577383971955426
HEPES,Au_13,1ao6,-5.595,-2.34,0.530773204601641,-0.6876301088504001,-0.1568569042487591,-0.07842845212437954
HEPES,Ag_13,1ao6,-5.595,-2.24,0.530773204601641,-0.7264062428081293,-0.19563303820648825,-0.09781651910324413
Lipoic_acid_thioctic_acid,Au_13,1ao6,-5.395,-2.34,0.39704540538179417,-0.6876301088504001,-0.29058470346860593,-0.14529235173430297
Lipoic_acid_thioctic_acid,Ag_13,1ao6,-5.395,-2.24,0.39704540538179417,-0.7264062428081293,-0.3293608374263351,-0.16468041871316755
5-Fluorouracil,Au_13,1ao6,-5.307,-2.34,0.3382051737250622,-0.6876301088504001,-0.3494249351253379,-0.17471246756266895
11-Mercaptoundecanesulfonic_acid_MUS,Au_13,1ao6,-5.275,-2.34,0.31680872584988673,-0.6876301088504001,-0.37082138300051337,-0.18541069150025669
SDS_dodecyl_sulfate_anion,Au_13,1ao6,-5.268,-2.34,0.3121282528771917,-0.6876301088504001,-0.3755018559732084,-0.1877509279866042
5-Fluorouracil,Ag_13,1ao6,-5.307,-2.24,0.3382051737250622,-0.7264062428081293,-0.38820106908306706,-0.19410053454153353
Dihydrolipoic_acid_DHLA,Au_13,1ao6,-5.228,-2.34,0.28538269303322233,-0.6876301088504001,-0.40224741581717777,-0.20112370790858888
11-Mercaptoundecanesulfonic_acid_MUS,Ag_13,1ao6,-5.275,-2.24,0.31680872584988673,-0.7264062428081293,-0.40959751695824254,-0.20479875847912127
SDS_dodecyl_sulfate_anion,Ag_13,1ao6,-5.268,-2.24,0.3121282528771917,-0.7264062428081293,-0.41427798993093756,-0.20713899496546878
4-Mercaptobenzoic_acid,Au_13,1ao6,-5.176,-2.34,0.2506134652360625,-0.6876301088504001,-0.4370166436143376,-0.2185083218071688
Dihydrolipoic_acid_DHLA,Ag_13,1ao6,-5.228,-2.24,0.28538269303322233,-0.7264062428081293,-0.44102354977490693,-0.22051177488745347
11-Mercaptoundecanoic_acid_MUA,Au_13,1ao6,-5.165,-2.34,0.2432584362789708,-0.6876301088504001,-0.4443716725714293,-0.22218583628571464
4-Mercaptobenzoic_acid,Ag_13,1ao6,-5.176,-2.24,0.2506134652360625,-0.7264062428081293,-0.4757927775720668,-0.2378963887860334
11-Mercaptoundecanoic_acid_MUA,Ag_13,1ao6,-5.165,-2.24,0.2432584362789708,-0.7264062428081293,-0.48314780652915845,-0.24157390326457923
Arginine,Au_13,1ao6,-5.009,-2.34,0.13895075288749062,-0.6876301088504001,-0.5486793559629095,-0.27433967798145475
Arginine,Ag_13,1ao6,-5.009,-2.24,0.13895075288749062,-0.7264062428081293,-0.5874554899206387,-0.29372774496031934
Histidine,Au_13,1ao6,-4.95,-2.34,0.09950105211763575,-0.6876301088504001,-0.5881290567327644,-0.2940645283663822
D-Glucose,Au_13,1ao6,-4.905,-2.34,0.06941229729317029,-0.6876301088504001,-0.6182178115572298,-0.3091089057786149
Histidine,Ag_13,1ao6,-4.95,-2.24,0.09950105211763575,-0.7264062428081293,-0.6269051906904936,-0.3134525953452468
D-Glucose,Ag_13,1ao6,-4.905,-2.24,0.06941229729317029,-0.7264062428081293,-0.6569939455149589,-0.32849697275747947
Sodium_citrate_citrate3-,Au_13,1ao6,-4.811,-2.34,0.006560231659842157,-0.6876301088504001,-0.6810698771905579,-0.34053493859527895
D-Galactose,Au_13,1ao6,-4.806,-2.34,0.0032170366793460616,-0.6876301088504001,-0.6844130721710541,-0.34220653608552704
Citric_acid,Au_13,1ao6,-4.765,-2.34,-0.024197162160722752,-0.6876301088504001,-0.7118272710111229,-0.35591363550556143
Sodium_citrate_citrate3-,Ag_13,1ao6,-4.811,-2.24,0.006560231659842157,-0.7264062428081293,-0.7198460111482871,-0.35992300557414353
D-Galactose,Ag_13,1ao6,-4.806,-2.24,0.0032170366793460616,-0.7264062428081293,-0.7231892061287832,-0.3615946030643916
Mannose,Au_13,1ao6,-4.721,-2.34,-0.05361727798908875,-0.6876301088504001,-0.7412473868394889,-0.37062369341974444
1-Dodecanethiol,Au_13,1ao6,-4.709,-2.34,-0.061640945942279854,-0.6876301088504001,-0.74927105479268,-0.37463552739634
Citric_acid,Ag_13,1ao6,-4.765,-2.24,-0.024197162160722752,-0.7264062428081293,-0.750603404968852,-0.375301702484426
Mannose,Ag_13,1ao6,-4.721,-2.24,-0.05361727798908875,-0.7264062428081293,-0.780023520797218,-0.390011760398609
1-Dodecanethiol,Ag_13,1ao6,-4.709,-2.24,-0.061640945942279854,-0.7264062428081293,-0.7880471887504091,-0.39402359437520457
Lysine,Au_13,1ao6,-4.592,-2.34,-0.13987170848589014,-0.6876301088504001,-0.8275018173362902,-0.4137509086681451
Lysine,Ag_13,1ao6,-4.592,-2.24,-0.13987170848589014,-0.7264062428081293,-0.8662779512940194,-0.4331389756470097
4-Aminothiophenol,Au_13,1ao6,-4.52,-2.34,-0.188013716205035,-0.6876301088504001,-0.875643825055435,-0.4378219125277175
4-Aminothiophenol,Ag_13,1ao6,-4.52,-2.24,-0.188013716205035,-0.7264062428081293,-0.9144199590131643,-0.45720997950658215
PVP_monomer_N-vinyl-2-pyrrolidone,Au_13,1ao6,-4.441,-2.34,-0.24083619689687424,-0.6876301088504001,-0.9284663057472744,-0.4642331528736372
PVP_monomer_N-vinyl-2-pyrrolidone,Ag_13,1ao6,-4.441,-2.24,-0.24083619689687424,-0.7264062428081293,-0.9672424397050035,-0.4836212198525017
mPEG-thiol_n_6_methyl-capped,Au_13,1ao6,-4.282,-2.34,-0.34714979727665224,-0.6876301088504001,-1.0347799061270524,-0.5173899530635262
2-Mercaptosuccinic_acid,Au_13,1ao6,-4.27,-2.34,-0.35517346522984333,-0.6876301088504001,-1.0428035740802435,-0.5214017870401217
mPEG-thiol_n_6_methyl-capped,Ag_13,1ao6,-4.282,-2.24,-0.34714979727665224,-0.7264062428081293,-1.0735560400847814,-0.5367780200423907
2-Mercaptosuccinic_acid,Ag_13,1ao6,-4.27,-2.24,-0.35517346522984333,-0.7264062428081293,-1.0815797080379725,-0.5407898540189863
PEG-amine_n_3_proxy,Au_13,1ao6,-4.153,-2.34,-0.4334042277734536,-0.6876301088504001,-1.1210343366238538,-0.5605171683119269
PEG-thiol_n_4,Au_13,1ao6,-4.114,-2.34,-0.45948114862132355,-0.6876301088504001,-1.1471112574717237,-0.5735556287358619
Dithiothreitol_DTT,Au_13,1ao6,-4.1,-2.34,-0.46884209456671294,-0.6876301088504001,-1.156472203417113,-0.5782361017085565
PEG-amine_n_3_proxy,Ag_13,1ao6,-4.153,-2.24,-0.4334042277734536,-0.7264062428081293,-1.1598104705815828,-0.5799052352907914
PEG-thiol_n_4,Ag_13,1ao6,-4.114,-2.24,-0.45948114862132355,-0.7264062428081293,-1.1858873914294528,-0.5929436957147264
Dithiothreitol_DTT,Ag_13,1ao6,-4.1,-2.24,-0.46884209456671294,-0.7264062428081293,-1.1952483373748422,-0.5976241686874211
6-Mercaptohexanoic_acid,Au_13,1ao6,-3.99,-2.34,-0.5423923841376282,-0.6876301088504001,-1.2300224929880283,-0.6150112464940142
PEG-thiol_n_6,Au_13,1ao6,-3.933,-2.34,-0.5805048069152848,-0.6876301088504001,-1.268134915765685,-0.6340674578828425
6-Mercaptohexanoic_acid,Ag_13,1ao6,-3.99,-2.24,-0.5423923841376282,-0.7264062428081293,-1.2687986269457574,-0.6343993134728787
L-Homocysteine,Au_13,1ao6,-3.928,-2.34,-0.5838480018957809,-0.6876301088504001,-1.271478110746181,-0.6357390553730905
PEG-thiol_n_6,Ag_13,1ao6,-3.933,-2.24,-0.5805048069152848,-0.7264062428081293,-1.3069110497234142,-0.6534555248617071
L-Homocysteine,Ag_13,1ao6,-3.928,-2.24,-0.5838480018957809,-0.7264062428081293,-1.31025424470391,-0.655127122351955
Methionine,Au_13,1ao6,-3.854,-2.34,-0.6333272876071241,-0.6876301088504001,-1.320957396457524,-0.660478698228762
Methionine,Ag_13,1ao6,-3.854,-2.24,-0.6333272876071241,-0.7264062428081293,-1.3597335304152534,-0.6798667652076267
PEG-thiol_n_3,Au_13,1ao6,-3.783,-2.34,-0.6808006563301697,-0.6876301088504001,-1.3684307651805698,-0.6842153825902849
L-Cysteine,Au_13,1ao6,-3.76,-2.34,-0.6961793532404522,-0.6876301088504001,-1.3838094620908523,-0.6919047310454262
mPEG-thiol_n_3_methyl-capped,Au_13,1ao6,-3.745,-2.34,-0.7062089381819405,-0.6876301088504001,-1.3938390470323405,-0.6969195235161703
PEG-thiol_n_3,Ag_13,1ao6,-3.783,-2.24,-0.6808006563301697,-0.7264062428081293,-1.4072068991382989,-0.7036034495691494
L-Cysteine,Ag_13,1ao6,-3.76,-2.24,-0.6961793532404522,-0.7264062428081293,-1.4225855960485814,-0.7112927980242907
Tris_buffer_Tris_base,Au_13,1ao6,-3.688,-2.34,-0.7443213609595968,-0.6876301088504001,-1.4319514698099969,-0.7159757349049984
mPEG-thiol_n_3_methyl-capped,Ag_13,1ao6,-3.745,-2.24,-0.7062089381819405,-0.7264062428081293,-1.4326151809900698,-0.7163075904950349
1-Hexanethiol,Au_13,1ao6,-3.657,-2.34,-0.7650491698386731,-0.6876301088504001,-1.4526792786890732,-0.7263396393445366
PEG-dithiol_n_3,Au_13,1ao6,-3.649,-2.34,-0.770398281807467,-0.6876301088504001,-1.458028390657867,-0.7290141953289335
Tris_buffer_Tris_base,Ag_13,1ao6,-3.688,-2.24,-0.7443213609595968,-0.7264062428081293,-1.4707276037677262,-0.7353638018838631
1-Hexanethiol,Ag_13,1ao6,-3.657,-2.24,-0.7650491698386731,-0.7264062428081293,-1.4914554126468023,-0.7457277063234011
PEG-dithiol_n_3,Ag_13,1ao6,-3.649,-2.24,-0.770398281807467,-0.7264062428081293,-1.4968045246155963,-0.7484022623077982
3-Mercapto-1-propanesulfonic_acid_MPS,Au_13,1ao6,-3.585,-2.34,-0.8131911775578179,-0.6876301088504001,-1.500821286408218,-0.750410643204109
3-Mercapto-1-propanesulfonic_acid_MPS,Ag_13,1ao6,-3.585,-2.24,-0.8131911775578179,-0.7264062428081293,-1.539597420365947,-0.7697987101829735
3-Mercaptopropionic_acid,Au_13,1ao6,-3.343,-2.34,-0.9750018146138324,-0.6876301088504001,-1.6626319234642324,-0.8313159617321162
3-Mercaptopropionic_acid,Ag_13,1ao6,-3.343,-2.24,-0.9750018146138324,-0.7264062428081293,-1.7014080574219617,-0.8507040287109808
Thiomethyl_PEG_linker_2-_2-methoxyethoxy_ethanethiol,Au_13,1ao6,-3.279,-2.34,-1.0177947103641833,-0.6876301088504001,-1.7054248192145836,-0.8527124096072918
Thiomethyl_PEG_linker_2-_2-methoxyethoxy_ethanethiol,Ag_13,1ao6,-3.279,-2.24,-1.0177947103641833,-0.7264062428081293,-1.7442009531723126,-0.8721004765861563
Thioglycolic_acid_mercaptoacetic_acid,Au_13,1ao6,-3.074,-2.34,-1.1548657045645263,-0.6876301088504001,-1.8424958134149265,-0.9212479067074633
1-Butanethiol,Au_13,1ao6,-3.07,-2.34,-1.1575402605489231,-0.6876301088504001,-1.845170369399323,-0.9225851846996616
Thioglycolic_acid_mercaptoacetic_acid,Ag_13,1ao6,-3.074,-2.24,-1.1548657045645263,-0.7264062428081293,-1.8812719473726556,-0.9406359736863278
1-Butanethiol,Ag_13,1ao6,-3.07,-2.24,-1.1575402605489231,-0.7264062428081293,-1.8839465033570524,-0.9419732516785262
Polyethyleneimine_fragment_ethylenediamine,Au_13,1ao6,-2.975,-2.34,-1.2210609651783502,-0.6876301088504001,-1.9086910740287504,-0.9543455370143752
Polyethyleneimine_fragment_ethylenediamine,Ag_13,1ao6,-2.975,-2.24,-1.2210609651783502,-0.7264062428081293,-1.9474672079864794,-0.9737336039932397
Thioacetic_acid,Au_13,1ao6,-2.705,-2.34,-1.4015934941251431,-0.6876301088504001,-2.0892236029755433,-1.0446118014877717
Thioacetic_acid,Ag_13,1ao6,-2.705,-2.24,-1.4015934941251431,-0.7264062428081293,-2.1279997369332726,-1.0639998684666363
Cysteamine_2-aminoethanethiol,Au_13,1ao6,-2.571,-2.34,-1.4911911196024403,-0.6876301088504001,-2.1788212284528403,-1.0894106142264202
Mercaptoethanol_2-mercaptoethanol,Au_13,1ao6,-2.571,-2.34,-1.4911911196024403,-0.6876301088504001,-2.1788212284528403,-1.0894106142264202
Cysteamine_2-aminoethanethiol,Ag_13,1ao6,-2.571,-2.24,-1.4911911196024403,-0.7264062428081293,-2.2175973624105696,-1.1087986812052848
Mercaptoethanol_2-mercaptoethanol,Ag_13,1ao6,-2.571,-2.24,-1.4911911196024403,-0.7264062428081293,-2.2175973624105696,-1.1087986812052848
Folic_acid,ZnO_12_0,1hzh,-8.75,-7.38,2.812007457557419,1.4142116419366457,4.226219099494065,2.1131095497470325
Doxorubicin_proxy_daunorubicin_aglycone,ZnO_12_0,1hzh,-7.94,-7.38,2.2487373781293702,1.4142116419366457,3.6629490200660157,1.8314745100330079
Tannic_acid_approx,ZnO_12_0,1hzh,-7.524,-7.38,1.9594529916576806,1.4142116419366457,3.373664633594326,1.686832316797163
Methotrexate,ZnO_12_0,1hzh,-7.407,-7.38,1.878091757962518,1.4142116419366457,3.292303399899164,1.646151699949582
Curcumin,ZnO_12_0,1hzh,-7.302,-7.38,1.8050752661848077,1.4142116419366457,3.2192869081214535,1.6096434540607267
Gemcitabine,ZnO_12_0,1hzh,-6.985,-7.38,1.5846350005321026,1.4142116419366457,2.9988466424687483,1.4994233212343742
Biotin,ZnO_12_0,1hzh,-6.402,-7.38,1.1792196223758649,1.4142116419366457,2.5934312643125104,1.2967156321562552
RGD_peptide_Arg-Gly-Asp,ZnO_12_0,1hzh,-6.305,-7.38,1.1117662918764561,1.4142116419366457,2.5259779338131017,1.2629889669065508
TAT_peptide_fragment_YGRKKK_6_aa,ZnO_12_0,1hzh,-6.133,-7.38,0.9921583243929695,1.4142116419366457,2.406369966329615,1.2031849831648076
HEPES,ZnO_12_0,1hzh,-5.747,-7.38,0.7237357927149115,1.4142116419366457,2.137947434651557,1.0689737173257785
Folic_acid,Ag_13,1hzh,-8.75,-2.13,2.812007457557419,-0.7050874408894409,2.1069200166679782,1.0534600083339891
Folic_acid,Au_13,1hzh,-8.75,-2.12,2.812007457557419,-0.7091242010472047,2.1028832565102142,1.0514416282551071
Glutathione_GSH,ZnO_12_0,1hzh,-5.569,-7.38,0.5999554542726984,1.4142116419366457,2.014167096209344,1.007083548104672
Arginine,ZnO_12_0,1hzh,-5.494,-7.38,0.5478008172886196,1.4142116419366457,1.9620124592252655,0.9810062296126327
Citric_acid,ZnO_12_0,1hzh,-5.439,-7.38,0.5095540835002955,1.4142116419366457,1.9237657254369411,0.9618828627184706
Lipoic_acid_thioctic_acid,ZnO_12_0,1hzh,-5.311,-7.38,0.4205435030474679,1.4142116419366457,1.8347551449841135,0.9173775724920568
Mannose,ZnO_12_0,1hzh,-5.292,-7.38,0.4073309950115012,1.4142116419366457,1.8215426369481469,0.9107713184740734
Histidine,ZnO_12_0,1hzh,-5.211,-7.38,0.3510039870686967,1.4142116419366457,1.7652156290053425,0.8826078145026712
Sodium_citrate_citrate3-,ZnO_12_0,1hzh,-5.172,-7.38,0.3238835758369754,1.4142116419366457,1.738095217773621,0.8690476088868105
Dihydrolipoic_acid_DHLA,ZnO_12_0,1hzh,-5.111,-7.38,0.28146447108992484,1.4142116419366457,1.6956761130265705,0.8478380565132853
D-Galactose,ZnO_12_0,1hzh,-5.085,-7.38,0.2633841969354444,1.4142116419366457,1.6775958388720902,0.8387979194360451
D-Glucose,ZnO_12_0,1hzh,-5.079,-7.38,0.25921182597671794,1.4142116419366457,1.6734234679133637,0.8367117339566819
11-Mercaptoundecanesulfonic_acid_MUS,ZnO_12_0,1hzh,-5.009,-7.38,0.21053416479157833,1.4142116419366457,1.624745806728224,0.812372903364112
5-Fluorouracil,ZnO_12_0,1hzh,-4.926,-7.38,0.15281636652919786,1.4142116419366457,1.5670280084658437,0.7835140042329218
Doxorubicin_proxy_daunorubicin_aglycone,Ag_13,1hzh,-7.94,-2.13,2.2487373781293702,-0.7050874408894409,1.5436499372399295,0.7718249686199647
Doxorubicin_proxy_daunorubicin_aglycone,Au_13,1hzh,-7.94,-2.12,2.2487373781293702,-0.7091242010472047,1.5396131770821655,0.7698065885410827
Lysine,ZnO_12_0,1hzh,-4.851,-7.38,0.10066172954511915,1.4142116419366457,1.5148733714817648,0.7574366857408824
SDS_dodecyl_sulfate_anion,ZnO_12_0,1hzh,-4.842,-7.38,0.09440317310702948,1.4142116419366457,1.5086148150436751,0.7543074075218376
4-Mercaptobenzoic_acid,ZnO_12_0,1hzh,-4.841,-7.38,0.09370777794724215,1.4142116419366457,1.507919419883888,0.753959709941944
PVP_monomer_N-vinyl-2-pyrrolidone,ZnO_12_0,1hzh,-4.531,-7.38,-0.12186472158694978,1.4142116419366457,1.292346920349696,0.646173460174848
1-Dodecanethiol,ZnO_12_0,1hzh,-4.525,-7.38,-0.1260370925456756,1.4142116419366457,1.2881745493909702,0.6440872746954851
11-Mercaptoundecanoic_acid_MUA,ZnO_12_0,1hzh,-4.506,-7.38,-0.13924960058164226,1.4142116419366457,1.2749620413550034,0.6374810206775017
Tannic_acid_approx,Ag_13,1hzh,-7.524,-2.13,1.9594529916576806,-0.7050874408894409,1.2543655507682399,0.6271827753841199
Tannic_acid_approx,Au_13,1hzh,-7.524,-2.12,1.9594529916576806,-0.7091242010472047,1.2503287906104759,0.6251643953052379
Dithiothreitol_DTT,ZnO_12_0,1hzh,-4.448,-7.38,-0.1795825198493296,1.4142116419366457,1.2346291220873162,0.6173145610436581
Methotrexate,Ag_13,1hzh,-7.407,-2.13,1.878091757962518,-0.7050874408894409,1.1730043170730773,0.5865021585365386
Methotrexate,Au_13,1hzh,-7.407,-2.12,1.878091757962518,-0.7091242010472047,1.1689675569153133,0.5844837784576566
Curcumin,Ag_13,1hzh,-7.302,-2.13,1.8050752661848077,-0.7050874408894409,1.0999878252953668,0.5499939126476834
Curcumin,Au_13,1hzh,-7.302,-2.12,1.8050752661848077,-0.7091242010472047,1.095951065137603,0.5479755325688015
4-Aminothiophenol,ZnO_12_0,1hzh,-4.245,-7.38,-0.3207477372862359,1.4142116419366457,1.0934639046504098,0.5467319523252049
L-Homocysteine,ZnO_12_0,1hzh,-4.206,-7.38,-0.34786814851795655,1.4142116419366457,1.0663434934186893,0.5331717467093446
Methionine,ZnO_12_0,1hzh,-4.194,-7.38,-0.3562128904354095,1.4142116419366457,1.0579987515012363,0.5289993757506182
PEG-amine_n_3_proxy,ZnO_12_0,1hzh,-4.18,-7.38,-0.36594842267243766,1.4142116419366457,1.048263219264208,0.524131609632104
6-Mercaptohexanoic_acid,ZnO_12_0,1hzh,-4.096,-7.38,-0.42436161609460543,1.4142116419366457,0.9898500258420403,0.49492501292102015
2-Mercaptosuccinic_acid,ZnO_12_0,1hzh,-3.997,-7.38,-0.4932057369135893,1.4142116419366457,0.9210059050230563,0.4605029525115282
mPEG-thiol_n_6_methyl-capped,ZnO_12_0,1hzh,-3.962,-7.38,-0.5175445675061592,1.4142116419366457,0.8966670744304865,0.44833353721524327
Gemcitabine,Ag_13,1hzh,-6.985,-2.13,1.5846350005321026,-0.7050874408894409,0.8795475596426617,0.43977377982133087
Gemcitabine,Au_13,1hzh,-6.985,-2.12,1.5846350005321026,-0.7091242010472047,0.8755107994848979,0.4377553997424489
Tris_buffer_Tris_base,ZnO_12_0,1hzh,-3.93,-7.38,-0.539797212619366,1.4142116419366457,0.8744144293172798,0.4372072146586399
PEG-thiol_n_6,ZnO_12_0,1hzh,-3.894,-7.38,-0.5648314383717238,1.4142116419366457,0.8493802035649219,0.42469010178246097
3-Mercapto-1-propanesulfonic_acid_MPS,ZnO_12_0,1hzh,-3.627,-7.38,-0.7505019460350438,1.4142116419366457,0.6637096959016019,0.33185484795080095
PEG-thiol_n_4,ZnO_12_0,1hzh,-3.586,-7.38,-0.7790131475863401,1.4142116419366457,0.6351984943503056,0.3175992471751528
PEG-thiol_n_3,ZnO_12_0,1hzh,-3.581,-7.38,-0.7824901233852786,1.4142116419366457,0.6317215185513672,0.3158607592756836
L-Cysteine,ZnO_12_0,1hzh,-3.566,-7.38,-0.7929210507820944,1.4142116419366457,0.6212905911545513,0.31064529557727566
mPEG-thiol_n_3_methyl-capped,ZnO_12_0,1hzh,-3.471,-7.38,-0.8589835909619271,1.4142116419366457,0.5552280509747186,0.2776140254873593
PEG-dithiol_n_3,ZnO_12_0,1hzh,-3.431,-7.38,-0.8867993973534357,1.4142116419366457,0.52741224458321,0.263706122291605
1-Hexanethiol,ZnO_12_0,1hzh,-3.382,-7.38,-0.9208737601830337,1.4142116419366457,0.49333788175361204,0.24666894087680602
Biotin,Ag_13,1hzh,-6.402,-2.13,1.1792196223758649,-0.7050874408894409,0.474132181486424,0.237066090743212
Biotin,Au_13,1hzh,-6.402,-2.12,1.1792196223758649,-0.7091242010472047,0.4700954213286601,0.23504771066433006
RGD_peptide_Arg-Gly-Asp,Ag_13,1hzh,-6.305,-2.13,1.1117662918764561,-0.7050874408894409,0.4066788509870153,0.20333942549350764
RGD_peptide_Arg-Gly-Asp,Au_13,1hzh,-6.305,-2.12,1.1117662918764561,-0.7091242010472047,0.4026420908292514,0.2013210454146257
3-Mercaptopropionic_acid,ZnO_12_0,1hzh,-3.189,-7.38,-1.0550850260220628,1.4142116419366457,0.35912661591458295,0.17956330795729147
TAT_peptide_fragment_YGRKKK_6_aa,Ag_13,1hzh,-6.133,-2.13,0.9921583243929695,-0.7050874408894409,0.2870708835035286,0.1435354417517643
TAT_peptide_fragment_YGRKKK_6_aa,Au_13,1hzh,-6.133,-2.12,0.9921583243929695,-0.7091242010472047,0.2830341233457647,0.14151706167288236
Polyethyleneimine_fragment_ethylenediamine,ZnO_12_0,1hzh,-2.94,-7.38,-1.2282384208092039,1.4142116419366457,0.18597322112744186,0.09298661056372093
Thiomethyl_PEG_linker_2-_2-methoxyethoxy_ethanethiol,ZnO_12_0,1hzh,-2.87,-7.38,-1.2769160819943437,1.4142116419366457,0.13729555994230203,0.06864777997115101
Thioglycolic_acid_mercaptoacetic_acid,ZnO_12_0,1hzh,-2.822,-7.38,-1.310295049664154,1.4142116419366457,0.10391659227249161,0.05195829613624581
1-Butanethiol,ZnO_12_0,1hzh,-2.759,-7.38,-1.3541049447307802,1.4142116419366457,0.06010669720586548,0.03005334860293274
HEPES,Ag_13,1hzh,-5.747,-2.13,0.7237357927149115,-0.7050874408894409,0.018648351825470644,0.009324175912735322
HEPES,Au_13,1hzh,-5.747,-2.12,0.7237357927149115,-0.7091242010472047,0.014611591667706758,0.007305795833853379
Mercaptoethanol_2-mercaptoethanol,ZnO_12_0,1hzh,-2.626,-7.38,-1.4465925009825462,1.4142116419366457,-0.03238085904590049,-0.016190429522950245
Cysteamine_2-aminoethanethiol,ZnO_12_0,1hzh,-2.616,-7.38,-1.4535464525804231,1.4142116419366457,-0.03933481064377742,-0.01966740532188871
Thioacetic_acid,ZnO_12_0,1hzh,-2.524,-7.38,-1.517522807280893,1.4142116419366457,-0.10331116534424734,-0.05165558267212367
Glutathione_GSH,Ag_13,1hzh,-5.569,-2.13,0.5999554542726984,-0.7050874408894409,-0.1051319866167425,-0.05256599330837125
Glutathione_GSH,Au_13,1hzh,-5.569,-2.12,0.5999554542726984,-0.7091242010472047,-0.10916874677450639,-0.05458437338725319
Arginine,Ag_13,1hzh,-5.494,-2.13,0.5478008172886196,-0.7050874408894409,-0.15728662360082124,-0.07864331180041062
Arginine,Au_13,1hzh,-5.494,-2.12,0.5478008172886196,-0.7091242010472047,-0.16132338375858513,-0.08066169187929256
Citric_acid,Ag_13,1hzh,-5.439,-2.13,0.5095540835002955,-0.7050874408894409,-0.19553335738914535,-0.09776667869457267
Citric_acid,Au_13,1hzh,-5.439,-2.12,0.5095540835002955,-0.7091242010472047,-0.19957011754690923,-0.09978505877345462
Lipoic_acid_thioctic_acid,Ag_13,1hzh,-5.311,-2.13,0.4205435030474679,-0.7050874408894409,-0.28454393784197296,-0.14227196892098648
Lipoic_acid_thioctic_acid,Au_13,1hzh,-5.311,-2.12,0.4205435030474679,-0.7091242010472047,-0.28858069799973685,-0.14429034899986842
Mannose,Ag_13,1hzh,-5.292,-2.13,0.4073309950115012,-0.7050874408894409,-0.29775644587793965,-0.14887822293896982
Mannose,Au_13,1hzh,-5.292,-2.12,0.4073309950115012,-0.7091242010472047,-0.30179320603570353,-0.15089660301785177
Histidine,Ag_13,1hzh,-5.211,-2.13,0.3510039870686967,-0.7050874408894409,-0.3540834538207442,-0.1770417269103721
Histidine,Au_13,1hzh,-5.211,-2.12,0.3510039870686967,-0.7091242010472047,-0.3581202139785081,-0.17906010698925404
Sodium_citrate_citrate3-,Ag_13,1hzh,-5.172,-2.13,0.3238835758369754,-0.7050874408894409,-0.38120386505246545,-0.19060193252623273
Sodium_citrate_citrate3-,Au_13,1hzh,-5.172,-2.12,0.3238835758369754,-0.7091242010472047,-0.38524062521022934,-0.19262031260511467
Dihydrolipoic_acid_DHLA,Ag_13,1hzh,-5.111,-2.13,0.28146447108992484,-0.7050874408894409,-0.423622969799516,-0.211811484899758
Dihydrolipoic_acid_DHLA,Au_13,1hzh,-5.111,-2.12,0.28146447108992484,-0.7091242010472047,-0.4276597299572799,-0.21382986497863996
D-Galactose,Ag_13,1hzh,-5.085,-2.13,0.2633841969354444,-0.7050874408894409,-0.44170324395399646,-0.22085162197699823
D-Galactose,Au_13,1hzh,-5.085,-2.12,0.2633841969354444,-0.7091242010472047,-0.44574000411176035,-0.22287000205588017
D-Glucose,Ag_13,1hzh,-5.079,-2.13,0.25921182597671794,-0.7050874408894409,-0.44587561491272293,-0.22293780745636146
D-Glucose,Au_13,1hzh,-5.079,-2.12,0.25921182597671794,-0.7091242010472047,-0.4499123750704868,-0.2249561875352434
11-Mercaptoundecanesulfonic_acid_MUS,Ag_13,1hzh,-5.009,-2.13,0.21053416479157833,-0.7050874408894409,-0.49455327609786254,-0.24727663804893127
11-Mercaptoundecanesulfonic_acid_MUS,Au_13,1hzh,-5.009,-2.12,0.21053416479157833,-0.7091242010472047,-0.4985900362556264,-0.2492950181278132
5-Fluorouracil,Ag_13,1hzh,-4.926,-2.13,0.15281636652919786,-0.7050874408894409,-0.552271074360243,-0.2761355371801215
5-Fluorouracil,Au_13,1hzh,-4.926,-2.12,0.15281636652919786,-0.7091242010472047,-0.5563078345180069,-0.27815391725900346
Lysine,Ag_13,1hzh,-4.851,-2.13,0.10066172954511915,-0.7050874408894409,-0.6044257113443217,-0.30221285567216083
Lysine,Au_13,1hzh,-4.851,-2.12,0.10066172954511915,-0.7091242010472047,-0.6084624715020857,-0.30423123575104283
SDS_dodecyl_sulfate_anion,Ag_13,1hzh,-4.842,-2.13,0.09440317310702948,-0.7050874408894409,-0.6106842677824114,-0.3053421338912057
4-Mercaptobenzoic_acid,Ag_13,1hzh,-4.841,-2.13,0.09370777794724215,-0.7050874408894409,-0.6113796629421987,-0.30568983147109935
SDS_dodecyl_sulfate_anion,Au_13,1hzh,-4.842,-2.12,0.09440317310702948,-0.7091242010472047,-0.6147210279401752,-0.3073605139700876
4-Mercaptobenzoic_acid,Au_13,1hzh,-4.841,-2.12,0.09370777794724215,-0.7091242010472047,-0.6154164230999626,-0.3077082115499813
PVP_monomer_N-vinyl-2-pyrrolidone,Ag_13,1hzh,-4.531,-2.13,-0.12186472158694978,-0.7050874408894409,-0.8269521624763907,-0.41347608123819535
PVP_monomer_N-vinyl-2-pyrrolidone,Au_13,1hzh,-4.531,-2.12,-0.12186472158694978,-0.7091242010472047,-0.8309889226341545,-0.41549446131707723
1-Dodecanethiol,Ag_13,1hzh,-4.525,-2.13,-0.1260370925456756,-0.7050874408894409,-0.8311245334351165,-0.41556226671755825
1-Dodecanethiol,Au_13,1hzh,-4.525,-2.12,-0.1260370925456756,-0.7091242010472047,-0.8351612935928804,-0.4175806467964402
11-Mercaptoundecanoic_acid_MUA,Ag_13,1hzh,-4.506,-2.13,-0.13924960058164226,-0.7050874408894409,-0.8443370414710831,-0.42216852073554156
11-Mercaptoundecanoic_acid_MUA,Au_13,1hzh,-4.506,-2.12,-0.13924960058164226,-0.7091242010472047,-0.848373801628847,-0.4241869008144235
Dithiothreitol_DTT,Ag_13,1hzh,-4.448,-2.13,-0.1795825198493296,-0.7050874408894409,-0.8846699607387705,-0.44233498036938523
Dithiothreitol_DTT,Au_13,1hzh,-4.448,-2.12,-0.1795825198493296,-0.7091242010472047,-0.8887067208965344,-0.4443533604482672
4-Aminothiophenol,Ag_13,1hzh,-4.245,-2.13,-0.3207477372862359,-0.7050874408894409,-1.0258351781756767,-0.5129175890878384
4-Aminothiophenol,Au_13,1hzh,-4.245,-2.12,-0.3207477372862359,-0.7091242010472047,-1.0298719383334407,-0.5149359691667204
L-Homocysteine,Ag_13,1hzh,-4.206,-2.13,-0.34786814851795655,-0.7050874408894409,-1.0529555894073974,-0.5264777947036987
L-Homocysteine,Au_13,1hzh,-4.206,-2.12,-0.34786814851795655,-0.7091242010472047,-1.0569923495651614,-0.5284961747825807
Methionine,Ag_13,1hzh,-4.194,-2.13,-0.3562128904354095,-0.7050874408894409,-1.0613003313248504,-0.5306501656624252
Methionine,Au_13,1hzh,-4.194,-2.12,-0.3562128904354095,-0.7091242010472047,-1.0653370914826144,-0.5326685457413072
PEG-amine_n_3_proxy,Ag_13,1hzh,-4.18,-2.13,-0.36594842267243766,-0.7050874408894409,-1.0710358635618786,-0.5355179317809393
PEG-amine_n_3_proxy,Au_13,1hzh,-4.18,-2.12,-0.36594842267243766,-0.7091242010472047,-1.0750726237196424,-0.5375363118598212
6-Mercaptohexanoic_acid,Ag_13,1hzh,-4.096,-2.13,-0.42436161609460543,-0.7050874408894409,-1.1294490569840463,-0.5647245284920231
6-Mercaptohexanoic_acid,Au_13,1hzh,-4.096,-2.12,-0.42436161609460543,-0.7091242010472047,-1.13348581714181,-0.566742908570905
2-Mercaptosuccinic_acid,Ag_13,1hzh,-3.997,-2.13,-0.4932057369135893,-0.7050874408894409,-1.1982931778030301,-0.5991465889015151
2-Mercaptosuccinic_acid,Au_13,1hzh,-3.997,-2.12,-0.4932057369135893,-0.7091242010472047,-1.2023299379607941,-0.6011649689803971
mPEG-thiol_n_6_methyl-capped,Ag_13,1hzh,-3.962,-2.13,-0.5175445675061592,-0.7050874408894409,-1.2226320083956002,-0.6113160041978001
mPEG-thiol_n_6_methyl-capped,Au_13,1hzh,-3.962,-2.12,-0.5175445675061592,-0.7091242010472047,-1.226668768553364,-0.613334384276682
Tris_buffer_Tris_base,Ag_13,1hzh,-3.93,-2.13,-0.539797212619366,-0.7050874408894409,-1.244884653508807,-0.6224423267544035
Tris_buffer_Tris_base,Au_13,1hzh,-3.93,-2.12,-0.539797212619366,-0.7091242010472047,-1.2489214136665707,-0.6244607068332854
PEG-thiol_n_6,Ag_13,1hzh,-3.894,-2.13,-0.5648314383717238,-0.7050874408894409,-1.2699188792611646,-0.6349594396305823
PEG-thiol_n_6,Au_13,1hzh,-3.894,-2.12,-0.5648314383717238,-0.7091242010472047,-1.2739556394189284,-0.6369778197094642
3-Mercapto-1-propanesulfonic_acid_MPS,Ag_13,1hzh,-3.627,-2.13,-0.7505019460350438,-0.7050874408894409,-1.4555893869244847,-0.7277946934622423
3-Mercapto-1-propanesulfonic_acid_MPS,Au_13,1hzh,-3.627,-2.12,-0.7505019460350438,-0.7091242010472047,-1.4596261470822487,-0.7298130735411243
PEG-thiol_n_4,Ag_13,1hzh,-3.586,-2.13,-0.7790131475863401,-0.7050874408894409,-1.484100588475781,-0.7420502942378905
PEG-thiol_n_3,Ag_13,1hzh,-3.581,-2.13,-0.7824901233852786,-0.7050874408894409,-1.4875775642747193,-0.7437887821373597
PEG-thiol_n_4,Au_13,1hzh,-3.586,-2.12,-0.7790131475863401,-0.7091242010472047,-1.4881373486335447,-0.7440686743167724
PEG-thiol_n_3,Au_13,1hzh,-3.581,-2.12,-0.7824901233852786,-0.7091242010472047,-1.4916143244324833,-0.7458071622162417
L-Cysteine,Ag_13,1hzh,-3.566,-2.13,-0.7929210507820944,-0.7050874408894409,-1.4980084916715353,-0.7490042458357676
L-Cysteine,Au_13,1hzh,-3.566,-2.12,-0.7929210507820944,-0.7091242010472047,-1.502045251829299,-0.7510226259146495
mPEG-thiol_n_3_methyl-capped,Ag_13,1hzh,-3.471,-2.13,-0.8589835909619271,-0.7050874408894409,-1.564071031851368,-0.782035515925684
mPEG-thiol_n_3_methyl-capped,Au_13,1hzh,-3.471,-2.12,-0.8589835909619271,-0.7091242010472047,-1.568107792009132,-0.784053896004566
PEG-dithiol_n_3,Ag_13,1hzh,-3.431,-2.13,-0.8867993973534357,-0.7050874408894409,-1.5918868382428766,-0.7959434191214383
PEG-dithiol_n_3,Au_13,1hzh,-3.431,-2.12,-0.8867993973534357,-0.7091242010472047,-1.5959235984006406,-0.7979617992003203
1-Hexanethiol,Ag_13,1hzh,-3.382,-2.13,-0.9208737601830337,-0.7050874408894409,-1.6259612010724744,-0.8129806005362372
1-Hexanethiol,Au_13,1hzh,-3.382,-2.12,-0.9208737601830337,-0.7091242010472047,-1.6299979612302384,-0.8149989806151192
3-Mercaptopropionic_acid,Ag_13,1hzh,-3.189,-2.13,-1.0550850260220628,-0.7050874408894409,-1.7601724669115035,-0.8800862334557518
3-Mercaptopropionic_acid,Au_13,1hzh,-3.189,-2.12,-1.0550850260220628,-0.7091242010472047,-1.7642092270692675,-0.8821046135346338
Polyethyleneimine_fragment_ethylenediamine,Ag_13,1hzh,-2.94,-2.13,-1.2282384208092039,-0.7050874408894409,-1.9333258616986448,-0.9666629308493224
Polyethyleneimine_fragment_ethylenediamine,Au_13,1hzh,-2.94,-2.12,-1.2282384208092039,-0.7091242010472047,-1.9373626218564086,-0.9686813109282043
Thiomethyl_PEG_linker_2-_2-methoxyethoxy_ethanethiol,Ag_13,1hzh,-2.87,-2.13,-1.2769160819943437,-0.7050874408894409,-1.9820035228837845,-0.9910017614418922
Thiomethyl_PEG_linker_2-_2-methoxyethoxy_ethanethiol,Au_13,1hzh,-2.87,-2.12,-1.2769160819943437,-0.7091242010472047,-1.9860402830415484,-0.9930201415207742
Thioglycolic_acid_mercaptoacetic_acid,Ag_13,1hzh,-2.822,-2.13,-1.310295049664154,-0.7050874408894409,-2.015382490553595,-1.0076912452767974
Thioglycolic_acid_mercaptoacetic_acid,Au_13,1hzh,-2.822,-2.12,-1.310295049664154,-0.7091242010472047,-2.019419250711359,-1.0097096253556794
1-Butanethiol,Ag_13,1hzh,-2.759,-2.13,-1.3541049447307802,-0.7050874408894409,-2.059192385620221,-1.0295961928101105
1-Butanethiol,Au_13,1hzh,-2.759,-2.12,-1.3541049447307802,-0.7091242010472047,-2.063229145777985,-1.0316145728889925
Mercaptoethanol_2-mercaptoethanol,Ag_13,1hzh,-2.626,-2.13,-1.4465925009825462,-0.7050874408894409,-2.151679941871987,-1.0758399709359936
Mercaptoethanol_2-mercaptoethanol,Au_13,1hzh,-2.626,-2.12,-1.4465925009825462,-0.7091242010472047,-2.1557167020297507,-1.0778583510148754
Cysteamine_2-aminoethanethiol,Ag_13,1hzh,-2.616,-2.13,-1.4535464525804231,-0.7050874408894409,-2.158633893469864,-1.079316946734932
Cysteamine_2-aminoethanethiol,Au_13,1hzh,-2.616,-2.12,-1.4535464525804231,-0.7091242010472047,-2.162670653627628,-1.081335326813814
Thioacetic_acid,Ag_13,1hzh,-2.524,-2.13,-1.517522807280893,-0.7050874408894409,-2.222610248170334,-1.111305124085167
Thioacetic_acid,Au_13,1hzh,-2.524,-2.12,-1.517522807280893,-0.7091242010472047,-2.226647008328098,-1.113323504164049
Folic_acid,ZnO_12_0,2hav,-10.09,-8.44,2.959139896366932,1.4138130829620992,4.372952979329032,2.186476489664516
Curcumin,ZnO_12_0,2hav,-8.929,-8.44,2.2636449297002157,1.4138130829620992,3.677458012662315,1.8387290063311574
Doxorubicin_proxy_daunorubicin_aglycone,ZnO_12_0,2hav,-8.502,-8.44,2.0078513459218454,1.4138130829620992,3.4216644288839446,1.7108322144419723
Tannic_acid_approx,ZnO_12_0,2hav,-8.327,-8.44,1.9030179099471032,1.4138130829620992,3.3168309929092024,1.6584154964546012
Methotrexate,ZnO_12_0,2hav,-8.247,-8.44,1.8550940535015068,1.4138130829620992,3.268907136463606,1.634453568231803
TAT_peptide_fragment_YGRKKK_6_aa,ZnO_12_0,2hav,-8.079,-8.44,1.754453954965755,1.4138130829620992,3.168267037927854,1.584133518963927
Gemcitabine,ZnO_12_0,2hav,-7.323,-8.44,1.3015735115548697,1.4138130829620992,2.7153865945169686,1.3576932972584843
RGD_peptide_Arg-Gly-Asp,ZnO_12_0,2hav,-7.214,-8.44,1.2362772571477447,1.4138130829620992,2.650090340109844,1.325045170054922
Glutathione_GSH,ZnO_12_0,2hav,-6.666,-8.44,0.9079988404954098,1.4138130829620992,2.321811923457509,1.1609059617287545
Folic_acid,Au_13,2hav,-10.09,-2.34,2.959139896366932,-0.6777616476932294,2.2813782486737026,1.1406891243368513
Biotin,ZnO_12_0,2hav,-6.587,-8.44,0.8606740322553831,1.4138130829620992,2.2744871152174824,1.1372435576087412
Folic_acid,Ag_13,2hav,-10.09,-2.17,2.959139896366932,-0.7360514352688697,2.2230884610980626,1.1115442305490313
SDS_dodecyl_sulfate_anion,ZnO_12_0,2hav,-5.888,-8.44,0.4419393365619853,1.4138130829620992,1.8557524195240844,0.9278762097620422
HEPES,ZnO_12_0,2hav,-5.867,-8.44,0.4293593242450163,1.4138130829620992,1.8431724072071156,0.9215862036035578
D-Galactose,ZnO_12_0,2hav,-5.792,-8.44,0.38443070882726965,1.4138130829620992,1.7982437917893688,0.8991218958946844
Sodium_citrate_citrate3-,ZnO_12_0,2hav,-5.775,-8.44,0.37424688933258077,1.4138130829620992,1.78805997229468,0.89402998614734
D-Glucose,ZnO_12_0,2hav,-5.661,-8.44,0.30595539389760557,1.4138130829620992,1.7197684768597048,0.8598842384298524
Mannose,ZnO_12_0,2hav,-5.609,-8.44,0.2748048872079682,1.4138130829620992,1.6886179701700674,0.8443089850850337
Citric_acid,ZnO_12_0,2hav,-5.555,-8.44,0.24245628410719053,1.4138130829620992,1.6562693670692896,0.8281346835346448
Histidine,ZnO_12_0,2hav,-5.484,-8.44,0.19992386151172395,1.4138130829620992,1.6137369444738232,0.8068684722369116
11-Mercaptoundecanesulfonic_acid_MUS,ZnO_12_0,2hav,-5.483,-8.44,0.1993248133061538,1.4138130829620992,1.613137896268253,0.8065689481341265
Curcumin,Au_13,2hav,-8.929,-2.34,2.2636449297002157,-0.6777616476932294,1.5858832820069861,0.7929416410034931
Arginine,ZnO_12_0,2hav,-5.406,-8.44,0.15319810147726734,1.4138130829620992,1.5670111844393666,0.7835055922196833
Curcumin,Ag_13,2hav,-8.929,-2.17,2.2636449297002157,-0.7360514352688697,1.527593494431346,0.763796747215673
5-Fluorouracil,ZnO_12_0,2hav,-5.327,-8.44,0.10587329323724114,1.4138130829620992,1.5196863761993402,0.7598431880996701
Lipoic_acid_thioctic_acid,ZnO_12_0,2hav,-5.252,-8.44,0.06094467781949449,1.4138130829620992,1.4747577607815936,0.7373788803907968
11-Mercaptoundecanoic_acid_MUA,ZnO_12_0,2hav,-5.229,-8.44,0.04716656909138573,1.4138130829620992,1.460979652053485,0.7304898260267425
Dihydrolipoic_acid_DHLA,ZnO_12_0,2hav,-5.181,-8.44,0.018412255224027913,1.4138130829620992,1.4322253381861272,0.7161126690930636
Doxorubicin_proxy_daunorubicin_aglycone,Au_13,2hav,-8.502,-2.34,2.0078513459218454,-0.6777616476932294,1.330089698228616,0.665044849114308
4-Mercaptobenzoic_acid,ZnO_12_0,2hav,-5.001,-8.44,-0.08941642177856364,1.4138130829620992,1.3243966611835356,0.6621983305917678
Doxorubicin_proxy_daunorubicin_aglycone,Ag_13,2hav,-8.502,-2.17,2.0078513459218454,-0.7360514352688697,1.2717999106529758,0.6358999553264879
1-Dodecanethiol,ZnO_12_0,2hav,-4.842,-8.44,-0.18466508646418675,1.4138130829620992,1.2291479964979124,0.6145739982489562
Tannic_acid_approx,Au_13,2hav,-8.327,-2.34,1.9030179099471032,-0.6777616476932294,1.2252562622538736,0.6126281311269368
Lysine,ZnO_12_0,2hav,-4.766,-8.44,-0.23019275008750303,1.4138130829620992,1.1836203328745962,0.5918101664372981
Methotrexate,Au_13,2hav,-8.247,-2.34,1.8550940535015068,-0.6777616476932294,1.1773324058082775,0.5886662029041387
PVP_monomer_N-vinyl-2-pyrrolidone,ZnO_12_0,2hav,-4.752,-8.44,-0.23857942496548254,1.4138130829620992,1.1752336579966167,0.5876168289983084
Tannic_acid_approx,Ag_13,2hav,-8.327,-2.17,1.9030179099471032,-0.7360514352688697,1.1669664746782336,0.5834832373391168
Methotrexate,Ag_13,2hav,-8.247,-2.17,1.8550940535015068,-0.7360514352688697,1.119042618232637,0.5595213091163185
PEG-thiol_n_6,ZnO_12_0,2hav,-4.643,-8.44,-0.3038756793726075,1.4138130829620992,1.1099374035894916,0.5549687017947458
mPEG-thiol_n_6_methyl-capped,ZnO_12_0,2hav,-4.626,-8.44,-0.3140594988672964,1.4138130829620992,1.0997535840948027,0.5498767920474014
2-Mercaptosuccinic_acid,ZnO_12_0,2hav,-4.604,-8.44,-0.32723855938983554,1.4138130829620992,1.0865745235722637,0.5432872617861318
TAT_peptide_fragment_YGRKKK_6_aa,Au_13,2hav,-8.079,-2.34,1.754453954965755,-0.6777616476932294,1.0766923072725256,0.5383461536362628
PEG-amine_n_3_proxy,ZnO_12_0,2hav,-4.513,-8.44,-0.3817519460967015,1.4138130829620992,1.0320611368653978,0.5160305684326989
Dithiothreitol_DTT,ZnO_12_0,2hav,-4.512,-8.44,-0.3823509943022716,1.4138130829620992,1.0314620886598276,0.5157310443299138
TAT_peptide_fragment_YGRKKK_6_aa,Ag_13,2hav,-8.079,-2.17,1.754453954965755,-0.7360514352688697,1.0184025196968851,0.5092012598484426
L-Homocysteine,ZnO_12_0,2hav,-4.41,-8.44,-0.44345391127040656,1.4138130829620992,0.9703591716916926,0.4851795858458463
Methionine,ZnO_12_0,2hav,-4.401,-8.44,-0.44884534512053637,1.4138130829620992,0.9649677378415629,0.48248386892078143
PEG-thiol_n_4,ZnO_12_0,2hav,-4.264,-8.44,-0.5309149492836198,1.4138130829620992,0.8828981336784794,0.4414490668392397
PEG-thiol_n_3,ZnO_12_0,2hav,-4.248,-8.44,-0.5404997205727391,1.4138130829620992,0.8733133623893601,0.43665668119468004
6-Mercaptohexanoic_acid,ZnO_12_0,2hav,-4.177,-8.44,-0.5830321431682062,1.4138130829620992,0.830780939793893,0.4153904698969465
PEG-dithiol_n_3,ZnO_12_0,2hav,-4.13,-8.44,-0.6111874088299939,1.4138130829620992,0.8026256741321053,0.40131283706605264
4-Aminothiophenol,ZnO_12_0,2hav,-4.056,-8.44,-0.6555169760421704,1.4138130829620992,0.7582961069199288,0.3791480534599644
mPEG-thiol_n_3_methyl-capped,ZnO_12_0,2hav,-4.006,-8.44,-0.685469386320668,1.4138130829620992,0.7283436966414312,0.3641718483207156
Tris_buffer_Tris_base,ZnO_12_0,2hav,-4.001,-8.44,-0.6884646273485177,1.4138130829620992,0.7253484556135815,0.36267422780679076
3-Mercapto-1-propanesulfonic_acid_MPS,ZnO_12_0,2hav,-3.929,-8.44,-0.7315960981495546,1.4138130829620992,0.6822169848125446,0.3411084924062723
L-Cysteine,ZnO_12_0,2hav,-3.864,-8.44,-0.7705342315116016,1.4138130829620992,0.6432788514504976,0.3216394257252488
Gemcitabine,Au_13,2hav,-7.323,-2.34,1.3015735115548697,-0.6777616476932294,0.6238118638616402,0.3119059319308201
Gemcitabine,Ag_13,2hav,-7.323,-2.17,1.3015735115548697,-0.7360514352688697,0.5655220762859999,0.28276103814299997
RGD_peptide_Arg-Gly-Asp,Au_13,2hav,-7.214,-2.34,1.2362772571477447,-0.6777616476932294,0.5585156094545153,0.27925780472725764
RGD_peptide_Arg-Gly-Asp,Ag_13,2hav,-7.214,-2.17,1.2362772571477447,-0.7360514352688697,0.500225821878875,0.2501129109394375
3-Mercaptopropionic_acid,ZnO_12_0,2hav,-3.557,-8.44,-0.9544420306215775,1.4138130829620992,0.45937105234052167,0.22968552617026083
Thiomethyl_PEG_linker_2-_2-methoxyethoxy_ethanethiol,ZnO_12_0,2hav,-3.527,-8.44,-0.972413476788676,1.4138130829620992,0.4413996061734232,0.2206998030867116
1-Hexanethiol,ZnO_12_0,2hav,-3.479,-8.44,-1.001167790656034,1.4138130829620992,0.4126452923060653,0.20632264615303264
Thioglycolic_acid_mercaptoacetic_acid,ZnO_12_0,2hav,-3.313,-8.44,-1.1006097927806462,1.4138130829620992,0.313203290181453,0.1566016450907265
Glutathione_GSH,Au_13,2hav,-6.666,-2.34,0.9079988404954098,-0.6777616476932294,0.23023719280218036,0.11511859640109018
Biotin,Au_13,2hav,-6.587,-2.34,0.8606740322553831,-0.6777616476932294,0.18291238456215364,0.09145619228107682
Glutathione_GSH,Ag_13,2hav,-6.666,-2.17,0.9079988404954098,-0.7360514352688697,0.17194740522654006,0.08597370261327003
Biotin,Ag_13,2hav,-6.587,-2.17,0.8606740322553831,-0.7360514352688697,0.12462259698651335,0.06231129849325667
Polyethyleneimine_fragment_ethylenediamine,ZnO_12_0,2hav,-2.903,-8.44,-1.3462195570643274,1.4138130829620992,0.06759352589777179,0.033796762948885894
1-Butanethiol,ZnO_12_0,2hav,-2.821,-8.44,-1.3953415099210635,1.4138130829620992,0.018471573041035638,0.009235786520517819
Mercaptoethanol_2-mercaptoethanol,ZnO_12_0,2hav,-2.738,-8.44,-1.44506251098337,1.4138130829620992,-0.03124942802127073,-0.015624714010635365
Thioacetic_acid,ZnO_12_0,2hav,-2.728,-8.44,-1.4510529930390692,1.4138130829620992,-0.03723991007697003,-0.018619955038485014
Cysteamine_2-aminoethanethiol,ZnO_12_0,2hav,-2.68,-8.44,-1.479807306906427,1.4138130829620992,-0.06599422394432786,-0.03299711197216393
SDS_dodecyl_sulfate_anion,Au_13,2hav,-5.888,-2.34,0.4419393365619853,-0.6777616476932294,-0.23582231113124413,-0.11791115556562207
HEPES,Au_13,2hav,-5.867,-2.34,0.4293593242450163,-0.6777616476932294,-0.2484023234482131,-0.12420116172410656
D-Galactose,Au_13,2hav,-5.792,-2.34,0.38443070882726965,-0.6777616476932294,-0.2933309388659598,-0.1466654694329799
SDS_dodecyl_sulfate_anion,Ag_13,2hav,-5.888,-2.17,0.4419393365619853,-0.7360514352688697,-0.29411209870688443,-0.14705604935344221
Sodium_citrate_citrate3-,Au_13,2hav,-5.775,-2.34,0.37424688933258077,-0.6777616476932294,-0.3035147583606487,-0.15175737918032434
HEPES,Ag_13,2hav,-5.867,-2.17,0.4293593242450163,-0.7360514352688697,-0.3066921110238534,-0.1533460555119267
D-Galactose,Ag_13,2hav,-5.792,-2.17,0.38443070882726965,-0.7360514352688697,-0.3516207264416001,-0.17581036322080004
Sodium_citrate_citrate3-,Ag_13,2hav,-5.775,-2.17,0.37424688933258077,-0.7360514352688697,-0.36180454593628897,-0.18090227296814448
D-Glucose,Au_13,2hav,-5.661,-2.34,0.30595539389760557,-0.6777616476932294,-0.3718062537956239,-0.18590312689781194
Mannose,Au_13,2hav,-5.609,-2.34,0.2748048872079682,-0.6777616476932294,-0.40295676048526125,-0.20147838024263062
D-Glucose,Ag_13,2hav,-5.661,-2.17,0.30595539389760557,-0.7360514352688697,-0.43009604137126417,-0.21504802068563209
Citric_acid,Au_13,2hav,-5.555,-2.34,0.24245628410719053,-0.6777616476932294,-0.4353053635860389,-0.21765268179301944
Mannose,Ag_13,2hav,-5.609,-2.17,0.2748048872079682,-0.7360514352688697,-0.46124654806090154,-0.23062327403045077
Histidine,Au_13,2hav,-5.484,-2.34,0.19992386151172395,-0.6777616476932294,-0.4778377861815055,-0.23891889309075276
11-Mercaptoundecanesulfonic_acid_MUS,Au_13,2hav,-5.483,-2.34,0.1993248133061538,-0.6777616476932294,-0.4784368343870756,-0.2392184171935378
Citric_acid,Ag_13,2hav,-5.555,-2.17,0.24245628410719053,-0.7360514352688697,-0.4935951511616792,-0.2467975755808396
Arginine,Au_13,2hav,-5.406,-2.34,0.15319810147726734,-0.6777616476932294,-0.5245635462159621,-0.26228177310798106
Histidine,Ag_13,2hav,-5.484,-2.17,0.19992386151172395,-0.7360514352688697,-0.5361275737571458,-0.2680637868785729
11-Mercaptoundecanesulfonic_acid_MUS,Ag_13,2hav,-5.483,-2.17,0.1993248133061538,-0.7360514352688697,-0.5367266219627159,-0.26836331098135796
5-Fluorouracil,Au_13,2hav,-5.327,-2.34,0.10587329323724114,-0.6777616476932294,-0.5718883544559883,-0.28594417722799415
Arginine,Ag_13,2hav,-5.406,-2.17,0.15319810147726734,-0.7360514352688697,-0.5828533337916024,-0.2914266668958012
Lipoic_acid_thioctic_acid,Au_13,2hav,-5.252,-2.34,0.06094467781949449,-0.6777616476932294,-0.6168169698737349,-0.30840848493686746
5-Fluorouracil,Ag_13,2hav,-5.327,-2.17,0.10587329323724114,-0.7360514352688697,-0.6301781420316286,-0.3150890710158143
11-Mercaptoundecanoic_acid_MUA,Au_13,2hav,-5.229,-2.34,0.04716656909138573,-0.6777616476932294,-0.6305950786018437,-0.31529753930092186
Dihydrolipoic_acid_DHLA,Au_13,2hav,-5.181,-2.34,0.018412255224027913,-0.6777616476932294,-0.6593493924692015,-0.3296746962346008
Lipoic_acid_thioctic_acid,Ag_13,2hav,-5.252,-2.17,0.06094467781949449,-0.7360514352688697,-0.6751067574493752,-0.3375533787246876
11-Mercaptoundecanoic_acid_MUA,Ag_13,2hav,-5.229,-2.17,0.04716656909138573,-0.7360514352688697,-0.688884866177484,-0.344442433088742
Dihydrolipoic_acid_DHLA,Ag_13,2hav,-5.181,-2.17,0.018412255224027913,-0.7360514352688697,-0.7176391800448418,-0.3588195900224209
4-Mercaptobenzoic_acid,Au_13,2hav,-5.001,-2.34,-0.08941642177856364,-0.6777616476932294,-0.7671780694717931,-0.38358903473589656
4-Mercaptobenzoic_acid,Ag_13,2hav,-5.001,-2.17,-0.08941642177856364,-0.7360514352688697,-0.8254678570474334,-0.4127339285237167
1-Dodecanethiol,Au_13,2hav,-4.842,-2.34,-0.18466508646418675,-0.6777616476932294,-0.8624267341574162,-0.4312133670787081
Lysine,Au_13,2hav,-4.766,-2.34,-0.23019275008750303,-0.6777616476932294,-0.9079543977807325,-0.45397719889036625
PVP_monomer_N-vinyl-2-pyrrolidone,Au_13,2hav,-4.752,-2.34,-0.23857942496548254,-0.6777616476932294,-0.916341072658712,-0.458170536329356
1-Dodecanethiol,Ag_13,2hav,-4.842,-2.17,-0.18466508646418675,-0.7360514352688697,-0.9207165217330565,-0.46035826086652826
Lysine,Ag_13,2hav,-4.766,-2.17,-0.23019275008750303,-0.7360514352688697,-0.9662441853563728,-0.4831220926781864
PVP_monomer_N-vinyl-2-pyrrolidone,Ag_13,2hav,-4.752,-2.17,-0.23857942496548254,-0.7360514352688697,-0.9746308602343523,-0.48731543011717615
PEG-thiol_n_6,Au_13,2hav,-4.643,-2.34,-0.3038756793726075,-0.6777616476932294,-0.981637327065837,-0.4908186635329185
mPEG-thiol_n_6_methyl-capped,Au_13,2hav,-4.626,-2.34,-0.3140594988672964,-0.6777616476932294,-0.9918211465605258,-0.4959105732802629
2-Mercaptosuccinic_acid,Au_13,2hav,-4.604,-2.34,-0.32723855938983554,-0.6777616476932294,-1.005000207083065,-0.5025001035415325
PEG-thiol_n_6,Ag_13,2hav,-4.643,-2.17,-0.3038756793726075,-0.7360514352688697,-1.0399271146414772,-0.5199635573207386
mPEG-thiol_n_6_methyl-capped,Ag_13,2hav,-4.626,-2.17,-0.3140594988672964,-0.7360514352688697,-1.050110934136166,-0.525055467068083
PEG-amine_n_3_proxy,Au_13,2hav,-4.513,-2.34,-0.3817519460967015,-0.6777616476932294,-1.059513593789931,-0.5297567968949655
Dithiothreitol_DTT,Au_13,2hav,-4.512,-2.34,-0.3823509943022716,-0.6777616476932294,-1.060112641995501,-0.5300563209977505
2-Mercaptosuccinic_acid,Ag_13,2hav,-4.604,-2.17,-0.32723855938983554,-0.7360514352688697,-1.0632899946587053,-0.5316449973293527
PEG-amine_n_3_proxy,Ag_13,2hav,-4.513,-2.17,-0.3817519460967015,-0.7360514352688697,-1.1178033813655712,-0.5589016906827856
Dithiothreitol_DTT,Ag_13,2hav,-4.512,-2.17,-0.3823509943022716,-0.7360514352688697,-1.1184024295711414,-0.5592012147855707
L-Homocysteine,Au_13,2hav,-4.41,-2.34,-0.44345391127040656,-0.6777616476932294,-1.1212155589636361,-0.5606077794818181
Methionine,Au_13,2hav,-4.401,-2.34,-0.44884534512053637,-0.6777616476932294,-1.1266069928137659,-0.5633034964068829
L-Homocysteine,Ag_13,2hav,-4.41,-2.17,-0.44345391127040656,-0.7360514352688697,-1.1795053465392762,-0.5897526732696381
Methionine,Ag_13,2hav,-4.401,-2.17,-0.44884534512053637,-0.7360514352688697,-1.1848967803894062,-0.5924483901947031
PEG-thiol_n_4,Au_13,2hav,-4.264,-2.34,-0.5309149492836198,-0.6777616476932294,-1.2086765969768494,-0.6043382984884247
PEG-thiol_n_3,Au_13,2hav,-4.248,-2.34,-0.5404997205727391,-0.6777616476932294,-1.2182613682659684,-0.6091306841329842
6-Mercaptohexanoic_acid,Au_13,2hav,-4.177,-2.34,-0.5830321431682062,-0.6777616476932294,-1.2607937908614355,-0.6303968954307178
PEG-thiol_n_4,Ag_13,2hav,-4.264,-2.17,-0.5309149492836198,-0.7360514352688697,-1.2669663845524894,-0.6334831922762447
PEG-thiol_n_3,Ag_13,2hav,-4.248,-2.17,-0.5404997205727391,-0.7360514352688697,-1.276551155841609,-0.6382755779208045
PEG-dithiol_n_3,Au_13,2hav,-4.13,-2.34,-0.6111874088299939,-0.6777616476932294,-1.2889490565232233,-0.6444745282616117
6-Mercaptohexanoic_acid,Ag_13,2hav,-4.177,-2.17,-0.5830321431682062,-0.7360514352688697,-1.319083578437076,-0.659541789218538
4-Aminothiophenol,Au_13,2hav,-4.056,-2.34,-0.6555169760421704,-0.6777616476932294,-1.3332786237353997,-0.6666393118676999
PEG-dithiol_n_3,Ag_13,2hav,-4.13,-2.17,-0.6111874088299939,-0.7360514352688697,-1.3472388440988636,-0.6736194220494318
mPEG-thiol_n_3_methyl-capped,Au_13,2hav,-4.006,-2.34,-0.685469386320668,-0.6777616476932294,-1.3632310340138973,-0.6816155170069487
Tris_buffer_Tris_base,Au_13,2hav,-4.001,-2.34,-0.6884646273485177,-0.6777616476932294,-1.366226275041747,-0.6831131375208735
4-Aminothiophenol,Ag_13,2hav,-4.056,-2.17,-0.6555169760421704,-0.7360514352688697,-1.3915684113110403,-0.6957842056555201
3-Mercapto-1-propanesulfonic_acid_MPS,Au_13,2hav,-3.929,-2.34,-0.7315960981495546,-0.6777616476932294,-1.409357745842784,-0.704678872921392
mPEG-thiol_n_3_methyl-capped,Ag_13,2hav,-4.006,-2.17,-0.685469386320668,-0.7360514352688697,-1.4215208215895379,-0.7107604107947689
Tris_buffer_Tris_base,Ag_13,2hav,-4.001,-2.17,-0.6884646273485177,-0.7360514352688697,-1.4245160626173874,-0.7122580313086937
L-Cysteine,Au_13,2hav,-3.864,-2.34,-0.7705342315116016,-0.6777616476932294,-1.448295879204831,-0.7241479396024155
3-Mercapto-1-propanesulfonic_acid_MPS,Ag_13,2hav,-3.929,-2.17,-0.7315960981495546,-0.7360514352688697,-1.4676475334184245,-0.7338237667092122
L-Cysteine,Ag_13,2hav,-3.864,-2.17,-0.7705342315116016,-0.7360514352688697,-1.5065856667804713,-0.7532928333902357
3-Mercaptopropionic_acid,Au_13,2hav,-3.557,-2.34,-0.9544420306215775,-0.6777616476932294,-1.632203678314807,-0.8161018391574035
Thiomethyl_PEG_linker_2-_2-methoxyethoxy_ethanethiol,Au_13,2hav,-3.527,-2.34,-0.972413476788676,-0.6777616476932294,-1.6501751244819054,-0.8250875622409527
1-Hexanethiol,Au_13,2hav,-3.479,-2.34,-1.001167790656034,-0.6777616476932294,-1.6789294383492632,-0.8394647191746316
3-Mercaptopropionic_acid,Ag_13,2hav,-3.557,-2.17,-0.9544420306215775,-0.7360514352688697,-1.6904934658904471,-0.8452467329452236
Thiomethyl_PEG_linker_2-_2-methoxyethoxy_ethanethiol,Ag_13,2hav,-3.527,-2.17,-0.972413476788676,-0.7360514352688697,-1.7084649120575457,-0.8542324560287728
1-Hexanethiol,Ag_13,2hav,-3.479,-2.17,-1.001167790656034,-0.7360514352688697,-1.7372192259249037,-0.8686096129624519
Thioglycolic_acid_mercaptoacetic_acid,Au_13,2hav,-3.313,-2.34,-1.1006097927806462,-0.6777616476932294,-1.7783714404738755,-0.8891857202369378
Thioglycolic_acid_mercaptoacetic_acid,Ag_13,2hav,-3.313,-2.17,-1.1006097927806462,-0.7360514352688697,-1.836661228049516,-0.918330614024758
Polyethyleneimine_fragment_ethylenediamine,Au_13,2hav,-2.903,-2.34,-1.3462195570643274,-0.6777616476932294,-2.0239812047575567,-1.0119906023787784
1-Butanethiol,Au_13,2hav,-2.821,-2.34,-1.3953415099210635,-0.6777616476932294,-2.073103157614293,-1.0365515788071464
Polyethyleneimine_fragment_ethylenediamine,Ag_13,2hav,-2.903,-2.17,-1.3462195570643274,-0.7360514352688697,-2.0822709923331972,-1.0411354961665986
Mercaptoethanol_2-mercaptoethanol,Au_13,2hav,-2.738,-2.34,-1.44506251098337,-0.6777616476932294,-2.1228241586765995,-1.0614120793382997
Thioacetic_acid,Au_13,2hav,-2.728,-2.34,-1.4510529930390692,-0.6777616476932294,-2.1288146407322985,-1.0644073203661493
1-Butanethiol,Ag_13,2hav,-2.821,-2.17,-1.3953415099210635,-0.7360514352688697,-2.1313929451899334,-1.0656964725949667
Cysteamine_2-aminoethanethiol,Au_13,2hav,-2.68,-2.34,-1.479807306906427,-0.6777616476932294,-2.1575689545996566,-1.0787844772998283
Mercaptoethanol_2-mercaptoethanol,Ag_13,2hav,-2.738,-2.17,-1.44506251098337,-0.7360514352688697,-2.1811139462522395,-1.0905569731261198
Thioacetic_acid,Ag_13,2hav,-2.728,-2.17,-1.4510529930390692,-0.7360514352688697,-2.187104428307939,-1.0935522141539695
Cysteamine_2-aminoethanethiol,Ag_13,2hav,-2.68,-2.17,-1.479807306906427,-0.7360514352688697,-2.2158587421752967,-1.1079293710876483
