"ligando","nanoparticula","proteina","y_ligando_proteina","E_nano_proteina","score_ligando_proteina","score_nano_proteina","score_contextual","score_contextual_medio"
"Folic_acid","ZnO_12_0","2hav",-10.09,-8.44,2.9591,1.4138,4.373,2.1865
"Folic_acid","ZnO_12_0","1ao6",-9.21,-7.76,2.9479,1.414,4.3619,2.181
"Folic_acid","ZnO_12_0","1hzh",-8.75,-7.38,2.812,1.4142,4.2262,2.1131
"Doxorubicin_proxy_daunorubicin_aglycone","ZnO_12_0","1ao6",-8.36,-7.76,2.3796,1.414,3.7936,1.8968
"Curcumin","ZnO_12_0","2hav",-8.929,-8.44,2.2636,1.4138,3.6775,1.8387
"Doxorubicin_proxy_daunorubicin_aglycone","ZnO_12_0","1hzh",-7.94,-7.38,2.2487,1.4142,3.6629,1.8315
"Doxorubicin_proxy_daunorubicin_aglycone","ZnO_12_0","2hav",-8.502,-8.44,2.0079,1.4138,3.4217,1.7108
"Curcumin","ZnO_12_0","1ao6",-7.742,-7.76,1.9663,1.414,3.3804,1.6902
"Tannic_acid_approx","ZnO_12_0","1hzh",-7.524,-7.38,1.9595,1.4142,3.3737,1.6868
"Tannic_acid_approx","ZnO_12_0","2hav",-8.327,-8.44,1.903,1.4138,3.3168,1.6584
"Methotrexate","ZnO_12_0","1ao6",-7.615,-7.76,1.8814,1.414,3.2955,1.6477
"Methotrexate","ZnO_12_0","1hzh",-7.407,-7.38,1.8781,1.4142,3.2923,1.6462
"Methotrexate","ZnO_12_0","2hav",-8.247,-8.44,1.8551,1.4138,3.2689,1.6345
"Tannic_acid_approx","ZnO_12_0","1ao6",-7.531,-7.76,1.8253,1.414,3.2393,1.6196
"Curcumin","ZnO_12_0","1hzh",-7.302,-7.38,1.8051,1.4142,3.2193,1.6096
"TAT_peptide_fragment_YGRKKK_6_aa","ZnO_12_0","2hav",-8.079,-8.44,1.7545,1.4138,3.1683,1.5841
"TAT_peptide_fragment_YGRKKK_6_aa","ZnO_12_0","1ao6",-7.4,-7.76,1.7377,1.414,3.1517,1.5759
"Gemcitabine","ZnO_12_0","1hzh",-6.985,-7.38,1.5846,1.4142,2.9988,1.4994
"Gemcitabine","ZnO_12_0","2hav",-7.323,-8.44,1.3016,1.4138,2.7154,1.3577
"Gemcitabine","ZnO_12_0","1ao6",-6.74,-7.76,1.2964,1.414,2.7104,1.3552
"RGD_peptide_Arg-Gly-Asp","ZnO_12_0","2hav",-7.214,-8.44,1.2363,1.4138,2.6501,1.325
"Biotin","ZnO_12_0","1ao6",-6.604,-7.76,1.2054,1.414,2.6195,1.3097
"Biotin","ZnO_12_0","1hzh",-6.402,-7.38,1.1792,1.4142,2.5934,1.2967
"RGD_peptide_Arg-Gly-Asp","ZnO_12_0","1ao6",-6.553,-7.76,1.1713,1.414,2.5854,1.2927
"RGD_peptide_Arg-Gly-Asp","ZnO_12_0","1hzh",-6.305,-7.38,1.1118,1.4142,2.526,1.263
"TAT_peptide_fragment_YGRKKK_6_aa","ZnO_12_0","1hzh",-6.133,-7.38,0.9922,1.4142,2.4064,1.2032
"Glutathione_GSH","ZnO_12_0","2hav",-6.666,-8.44,0.908,1.4138,2.3218,1.1609
"Folic_acid","Au_13","2hav",-10.09,-2.34,2.9591,-0.6778,2.2814,1.1407
"Biotin","ZnO_12_0","2hav",-6.587,-8.44,0.8607,1.4138,2.2745,1.1372
"Folic_acid","Au_13","1ao6",-9.21,-2.34,2.9479,-0.6876,2.2603,1.1301
"Folic_acid","Ag_13","2hav",-10.09,-2.17,2.9591,-0.7361,2.2231,1.1115
"Folic_acid","Ag_13","1ao6",-9.21,-2.24,2.9479,-0.7264,2.2215,1.1107
"Glutathione_GSH","ZnO_12_0","1ao6",-5.991,-7.76,0.7956,1.414,2.2096,1.1048
"HEPES","ZnO_12_0","1hzh",-5.747,-7.38,0.7237,1.4142,2.1379,1.069
"Folic_acid","Ag_13","1hzh",-8.75,-2.13,2.812,-0.7051,2.1069,1.0535
"Folic_acid","Au_13","1hzh",-8.75,-2.12,2.812,-0.7091,2.1029,1.0514
"Glutathione_GSH","ZnO_12_0","1hzh",-5.569,-7.38,0.6,1.4142,2.0142,1.0071
"Arginine","ZnO_12_0","1hzh",-5.494,-7.38,0.5478,1.4142,1.962,0.981
"HEPES","ZnO_12_0","1ao6",-5.595,-7.76,0.5308,1.414,1.9448,0.9724
"Citric_acid","ZnO_12_0","1hzh",-5.439,-7.38,0.5096,1.4142,1.9238,0.9619
"SDS_dodecyl_sulfate_anion","ZnO_12_0","2hav",-5.888,-8.44,0.4419,1.4138,1.8558,0.9279
"HEPES","ZnO_12_0","2hav",-5.867,-8.44,0.4294,1.4138,1.8432,0.9216
"Lipoic_acid_thioctic_acid","ZnO_12_0","1hzh",-5.311,-7.38,0.4205,1.4142,1.8348,0.9174
"Mannose","ZnO_12_0","1hzh",-5.292,-7.38,0.4073,1.4142,1.8215,0.9108
"Lipoic_acid_thioctic_acid","ZnO_12_0","1ao6",-5.395,-7.76,0.397,1.414,1.8111,0.9055
"D-Galactose","ZnO_12_0","2hav",-5.792,-8.44,0.3844,1.4138,1.7982,0.8991
"Sodium_citrate_citrate3-","ZnO_12_0","2hav",-5.775,-8.44,0.3742,1.4138,1.7881,0.894
"Histidine","ZnO_12_0","1hzh",-5.211,-7.38,0.351,1.4142,1.7652,0.8826
"5-Fluorouracil","ZnO_12_0","1ao6",-5.307,-7.76,0.3382,1.414,1.7522,0.8761
"Sodium_citrate_citrate3-","ZnO_12_0","1hzh",-5.172,-7.38,0.3239,1.4142,1.7381,0.869
