ligando,nanoparticula,proteina,ICNB_0_100,ICNB_global_0_100,ICNB_bruto,ranking_ICNB_por_proteina,ranking_ICNB_global,y_ligando_proteina,E_nano_proteina,score_ligando_proteina,score_nano_proteina,score_contextual,score_contextual_medio
Folic_acid,ZnO_12_0,1ao6,100.0,99.83311939828582,2.18096976357945,1,2,-9.21,-7.76,2.9479031755003704,1.4140363516585297,4.3619395271589,2.18096976357945
Doxorubicin_proxy_daunorubicin_aglycone,ZnO_12_0,1ao6,91.36195820126272,91.22133765776682,1.8967981902372753,2,4,-8.36,-7.76,2.379560028816021,1.4140363516585297,3.7935963804745514,1.8967981902372757
Curcumin,ZnO_12_0,1ao6,85.08159369347493,84.96006575701307,1.6901887404426126,3,8,-7.742,-7.76,1.9663411292266952,1.4140363516585297,3.3803774808852247,1.6901887404426124
Methotrexate,ZnO_12_0,1ao6,83.79096862472242,83.67336424990023,1.6477301641903113,4,11,-7.615,-7.76,1.8814239767220928,1.4140363516585297,3.295460328380622,1.647730164190311
Tannic_acid_approx,ZnO_12_0,1ao6,82.93732684696485,82.82231758377834,1.6196473263541433,5,14,-7.531,-7.76,1.8252583010497567,1.4140363516585297,3.239294652708286,1.619647326354143
TAT_peptide_fragment_YGRKKK_6_aa,ZnO_12_0,1ao6,81.60605216974771,81.49509004494543,1.5758514721096435,6,17,-7.4,-7.76,1.7376665925607575,1.4140363516585297,3.151702944219287,1.5758514721096435
Gemcitabine,ZnO_12_0,1ao6,74.89886677308112,74.8082948111307,1.3552006033968966,7,20,-6.74,-7.76,1.2963648551352636,1.4140363516585297,2.710401206793793,1.3552006033968964
Biotin,ZnO_12_0,1ao6,73.51678008528316,73.43040973264768,1.3097331516621487,8,22,-6.604,-7.76,1.2054299516657676,1.4140363516585297,2.6194663033242973,1.3097331516621489
RGD_peptide_Arg-Gly-Asp,ZnO_12_0,1ao6,72.99849757735892,72.91370282821653,1.2926828572616182,9,24,-6.553,-7.76,1.1713293628647066,1.4140363516585297,2.585365714523236,1.292682857261618
Folic_acid,Au_13,1ao6,68.0575320758411,67.98775809700146,1.130136533324985,10,30,-9.21,-2.34,2.9479031755003704,-0.6876301088504001,2.26027306664997,1.130136533324985
Folic_acid,Ag_13,1ao6,67.4681876491961,67.40020530546485,1.1107484663461205,11,32,-9.21,-2.24,2.9479031755003704,-0.7264062428081293,2.221496932692241,1.1107484663461205
Glutathione_GSH,ZnO_12_0,1ao6,67.28722758807616,67.21979537154398,1.1047952993577335,12,33,-5.991,-7.76,0.7955542470569373,1.4140363516585297,2.209590598715467,1.1047952993577337
HEPES,ZnO_12_0,1ao6,63.26291635007622,63.20771823125516,0.9724047781300853,13,39,-5.595,-7.76,0.530773204601641,1.4140363516585297,1.9448095562601704,0.9724047781300852
Lipoic_acid_thioctic_acid,ZnO_12_0,1ao6,61.23043592684393,61.18141664525071,0.905540878520162,14,45,-5.395,-7.76,0.3970454053817941,1.4140363516585297,1.811081757040324,0.905540878520162
5-Fluorouracil,ZnO_12_0,1ao6,60.33614454062172,60.289843947408734,0.876120762691796,15,49,-5.307,-7.76,0.3382051737250622,1.4140363516585297,1.7522415253835917,0.8761207626917958
11-Mercaptoundecanesulfonic_acid_MUS,ZnO_12_0,1ao6,60.01094767290454,59.96563569364802,0.8654225387542082,16,51,-5.275,-7.76,0.3168087258498867,1.4140363516585297,1.730845077508416,0.865422538754208
SDS_dodecyl_sulfate_anion,ZnO_12_0,1ao6,59.939810858091406,59.894715138137855,0.8630823022678606,17,52,-5.268,-7.76,0.3121282528771917,1.4140363516585297,1.7261646045357213,0.8630823022678606
Dihydrolipoic_acid_DHLA,ZnO_12_0,1ao6,59.53331477344495,59.48945482093696,0.8497095223458759,18,54,-5.228,-7.76,0.2853826930332223,1.4140363516585297,1.699419044691752,0.8497095223458759
Doxorubicin_proxy_daunorubicin_aglycone,Au_13,1ao6,59.41949027710382,59.37597635648248,0.8459649599828103,19,56,-8.36,-2.34,2.379560028816021,-0.6876301088504001,1.6919299199656206,0.8459649599828103
4-Mercaptobenzoic_acid,ZnO_12_0,1ao6,59.004869863404565,58.96261640857582,0.8323249084472961,20,60,-5.176,-7.76,0.2506134652360625,1.4140363516585297,1.664649816894592,0.832324908447296
11-Mercaptoundecanoic_acid_MUA,ZnO_12_0,1ao6,58.89308344012678,58.851169821345565,0.8286473939687502,21,61,-5.165,-7.76,0.2432584362789708,1.4140363516585297,1.6572947879375004,0.8286473939687502
Doxorubicin_proxy_daunorubicin_aglycone,Ag_13,1ao6,58.83014585045882,58.78842356494587,0.8265768930039458,22,63,-8.36,-2.24,2.379560028816021,-0.7264062428081293,1.6531537860078915,0.8265768930039458
Arginine,ZnO_12_0,1ao6,57.30774871000559,57.27065458426209,0.7764935522730101,23,70,-5.009,-7.76,0.1389507528874906,1.4140363516585297,1.5529871045460202,0.7764935522730101
Histidine,ZnO_12_0,1ao6,56.70816698515206,56.67289561639077,0.7567687018880827,24,76,-4.95,-7.76,0.0995010521176357,1.4140363516585297,1.5135374037761653,0.7567687018880827
D-Glucose,ZnO_12_0,1ao6,56.25085888992479,56.21697775953976,0.7417243244758499,25,79,-4.905,-7.76,0.0694122972931702,1.4140363516585297,1.4834486489516998,0.7417243244758499
Sodium_citrate_citrate3-,ZnO_12_0,1ao6,55.29559309100562,55.26461601411767,0.7102982916591859,26,83,-4.811,-7.76,0.0065602316598421,1.4140363516585297,1.4205965833183716,0.7102982916591858
D-Galactose,ZnO_12_0,1ao6,55.24478108042481,55.21395847446756,0.7086266941689379,27,84,-4.806,-7.76,0.003217036679346,1.4140363516585297,1.4172533883378755,0.7086266941689378
Citric_acid,ZnO_12_0,1ao6,54.82812259366219,54.79856664933664,0.6949195947489035,28,85,-4.765,-7.76,-0.0241971621607227,1.4140363516585297,1.3898391894978068,0.6949195947489034
Mannose,ZnO_12_0,1ao6,54.38097690055109,54.35278030041567,0.6802095368347205,29,86,-4.721,-7.76,-0.0536172779890887,1.4140363516585297,1.3604190736694408,0.6802095368347204
1-Dodecanethiol,ZnO_12_0,1ao6,54.25902807515714,54.23120220525539,0.676197702858125,30,87,-4.709,-7.76,-0.0616409459422798,1.4140363516585297,1.3523954057162495,0.6761977028581249
Curcumin,Au_13,1ao6,53.13912576931604,53.11470445572872,0.6393555101881476,31,92,-7.742,-2.34,1.9663411292266952,-0.6876301088504001,1.2787110203762952,0.6393555101881476
Lysine,ZnO_12_0,1ao6,53.07002702756624,53.045815777442776,0.6370823215863198,32,94,-4.592,-7.76,-0.1398717084858901,1.4140363516585297,1.2741646431726394,0.6370823215863197
Curcumin,Ag_13,1ao6,52.54978134267104,52.527151664192104,0.619967443209283,33,98,-7.742,-2.24,1.9663411292266952,-0.7264062428081293,1.239934886418566,0.619967443209283
4-Aminothiophenol,ZnO_12_0,1ao6,52.338334075202624,52.316347206481176,0.6130113177267473,34,101,-4.52,-7.76,-0.188013716205035,1.4140363516585297,1.2260226354534944,0.6130113177267472
Methotrexate,Au_13,1ao6,51.84850070056353,51.82800294861588,0.5968969339358463,35,103,-7.615,-2.34,1.8814239767220928,-0.6876301088504001,1.1937938678716926,0.5968969339358463
PVP_monomer_N-vinyl-2-pyrrolidone,ZnO_12_0,1ao6,51.535504308025864,51.51595808000941,0.5866000773808278,36,107,-4.441,-7.76,-0.2408361968968742,1.4140363516585297,1.1732001547616553,0.5866000773808276
Methotrexate,Ag_13,1ao6,51.25915627391853,51.24045015707927,0.5775088669569818,37,111,-7.615,-2.24,1.8814239767220928,-0.7264062428081293,1.1550177339139631,0.5775088669569817
Tannic_acid_approx,Au_13,1ao6,50.99485892280596,50.976956282494,0.5688140960996784,38,112,-7.531,-2.34,1.8252583010497567,-0.6876301088504001,1.1376281921993567,0.5688140960996784
Tannic_acid_approx,Ag_13,1ao6,50.40551449616096,50.38940349095739,0.5494260291208137,39,117,-7.531,-2.24,1.8252583010497567,-0.7264062428081293,1.0988520582416277,0.5494260291208137
mPEG-thiol_n_6_methyl-capped,ZnO_12_0,1ao6,49.91968237155619,49.90504831913587,0.5334432771909388,40,122,-4.282,-7.76,-0.3471497972766522,1.4140363516585297,1.0668865543818773,0.5334432771909386
2-Mercaptosuccinic_acid,ZnO_12_0,1ao6,49.79773354616224,49.78347022397559,0.5294314432143432,41,124,-4.27,-7.76,-0.3551734652298433,1.4140363516585297,1.0588628864286862,0.5294314432143431
TAT_peptide_fragment_YGRKKK_6_aa,Au_13,1ao6,49.66358424558881,49.649728743661086,0.5250182418551788,42,126,-7.4,-2.34,1.7376665925607575,-0.6876301088504001,1.0500364837103575,0.5250182418551788
TAT_peptide_fragment_YGRKKK_6_aa,Ag_13,1ao6,49.07423981894381,49.06217595212448,0.5056301748763141,43,131,-7.4,-2.24,1.7376665925607575,-0.7264062428081293,1.0112603497526282,0.5056301748763141
PEG-amine_n_3_proxy,ZnO_12_0,1ao6,48.608732498571364,48.598083796162996,0.4903160619425381,44,133,-4.153,-7.76,-0.4334042277734536,1.4140363516585297,0.980632123885076,0.4903160619425379
PEG-thiol_n_4,ZnO_12_0,1ao6,48.21239881604106,48.20295498689212,0.4772776015186031,45,136,-4.114,-7.76,-0.4594811486213235,1.4140363516585297,0.954555203037206,0.477277601518603
Dithiothreitol_DTT,ZnO_12_0,1ao6,48.070125186414806,48.06111387587181,0.4725971285459084,46,137,-4.1,-7.76,-0.4688420945667129,1.4140363516585297,0.9451942570918166,0.4725971285459083
6-Mercaptohexanoic_acid,ZnO_12_0,1ao6,46.95226095363704,46.94664800356936,0.4358219837604507,47,145,-3.99,-7.76,-0.5423923841376282,1.4140363516585297,0.8716439675209012,0.4358219837604506
PEG-thiol_n_6,ZnO_12_0,1ao6,46.37300403301583,46.36915205155808,0.41676577237162243,48,147,-3.933,-7.76,-0.5805048069152848,1.4140363516585297,0.8335315447432446,0.4167657723716223
L-Homocysteine,ZnO_12_0,1ao6,46.322192022435026,46.31849451190797,0.4150941748813744,49,149,-3.928,-7.76,-0.5838480018957809,1.4140363516585297,0.8301883497627486,0.4150941748813743
Methionine,ZnO_12_0,1ao6,45.57017426583908,45.568762925086325,0.3903545320257028,50,151,-3.854,-7.76,-0.6333272876071241,1.4140363516585297,0.7807090640514054,0.3903545320257027
PEG-thiol_n_3,ZnO_12_0,1ao6,44.84864371559161,44.84942586205474,0.36661784766418,51,153,-3.783,-7.76,-0.6808006563301697,1.4140363516585297,0.7332356953283597,0.3666178476641799
L-Cysteine,ZnO_12_0,1ao6,44.614908466919886,44.616401179664216,0.35892849920903874,52,156,-3.76,-7.76,-0.6961793532404522,1.4140363516585297,0.7178569984180773,0.3589284992090386
mPEG-thiol_n_3_methyl-capped,ZnO_12_0,1ao6,44.462472435177474,44.464428560713884,0.3539137067382946,53,157,-3.745,-7.76,-0.7062089381819405,1.4140363516585297,0.707827413476589,0.3539137067382945
Tris_buffer_Tris_base,ZnO_12_0,1ao6,43.88321551455627,43.886932608702615,0.33485749534946646,54,159,-3.688,-7.76,-0.7443213609595968,1.4140363516585297,0.6697149906989327,0.3348574953494663
1-Hexanethiol,ZnO_12_0,1ao6,43.56818104895526,43.572855862871926,0.3244935909099283,55,161,-3.657,-7.76,-0.7650491698386731,1.4140363516585297,0.6489871818198564,0.3244935909099282
PEG-dithiol_n_3,ZnO_12_0,1ao6,43.48688183202597,43.49180379943175,0.3218190349255314,56,162,-3.649,-7.76,-0.770398281807467,1.4140363516585297,0.6436380698510625,0.3218190349255312
Gemcitabine,Au_13,1ao6,42.95639884892223,42.96293350984636,0.30436737314243173,57,168,-6.74,-2.34,1.2963648551352636,-0.6876301088504001,0.6087347462848635,0.3043673731424317
3-Mercapto-1-propanesulfonic_acid_MPS,ZnO_12_0,1ao6,42.83648809659164,42.843387291910325,0.3004225870503559,58,169,-3.585,-7.76,-0.8131911775578179,1.4140363516585297,0.6008451741007116,0.3004225870503558
Gemcitabine,Ag_13,1ao6,42.367054422277235,42.375380718309756,0.28497930616356715,59,170,-6.74,-2.24,1.2963648551352636,-0.7264062428081293,0.5699586123271343,0.2849793061635671
Biotin,Au_13,1ao6,41.57431216112426,41.585048431363326,0.25889992140768375,60,175,-6.604,-2.34,1.2054299516657676,-0.6876301088504001,0.5177998428153675,0.2588999214076837
RGD_peptide_Arg-Gly-Asp,Au_13,1ao6,41.05602965320003,41.06834152693219,0.24184962700715323,61,178,-6.553,-2.34,1.1713293628647066,-0.6876301088504001,0.4836992540143064,0.2418496270071532
Biotin,Ag_13,1ao6,40.98496773447927,40.99749563982672,0.23951185442881917,62,179,-6.604,-2.24,1.2054299516657676,-0.7264062428081293,0.4790237088576383,0.2395118544288191
RGD_peptide_Arg-Gly-Asp,Ag_13,1ao6,40.46668522655503,40.48078873539558,0.22246156002828865,63,183,-6.553,-2.24,1.1713293628647066,-0.7264062428081293,0.4449231200565773,0.2224615600282886
3-Mercaptopropionic_acid,ZnO_12_0,1ao6,40.37718678448055,40.391562372844916,0.21951726852234865,64,185,-3.343,-7.76,-0.9750018146138324,1.4140363516585297,0.4390345370446971,0.2195172685223485
Thiomethyl_PEG_linker_2-_2-methoxyethoxy_ethanethiol,ZnO_12_0,1ao6,39.726793049046215,39.74314586532349,0.1981208206471733,65,189,-3.279,-7.76,-1.0177947103641831,1.4140363516585297,0.3962416412943461,0.198120820647173
Thioglycolic_acid_mercaptoacetic_acid,ZnO_12_0,1ao6,37.643500615233116,37.666186739668916,0.1295853235470017,66,194,-3.074,-7.76,-1.1548657045645263,1.4140363516585297,0.2591706470940031,0.1295853235470015
1-Butanethiol,ZnO_12_0,1ao6,37.60285100676847,37.625660707948825,0.1282480455548033,67,195,-3.07,-7.76,-1.1575402605489231,1.4140363516585297,0.2564960911096063,0.1282480455548031
Polyethyleneimine_fragment_ethylenediamine,ZnO_12_0,1ao6,36.63742280573313,36.66316745459671,0.09648769324008977,68,197,-2.975,-7.76,-1.2210609651783502,1.4140363516585297,0.1929753864801793,0.0964876932400896
Glutathione_GSH,Au_13,1ao6,35.34475966391727,35.37443407025965,0.05396206910326862,69,203,-5.991,-2.34,0.7955542470569373,-0.6876301088504001,0.1079241382065372,0.0539620691032686
Glutathione_GSH,Ag_13,1ao6,34.755415237272274,34.786881278723044,0.034574002124404035,70,205,-5.991,-2.24,0.7955542470569373,-0.7264062428081293,0.069148004248808,0.034574002124404
Thioacetic_acid,ZnO_12_0,1ao6,33.89357423436953,33.92766031349069,0.006221428766693293,71,211,-2.705,-7.76,-1.4015934941251431,1.4140363516585297,0.0124428575333863,0.0062214287666931
Cysteamine_2-aminoethanethiol,ZnO_12_0,1ao6,32.5318123508039,32.57003825086771,-0.038577383971955315,72,217,-2.571,-7.76,-1.4911911196024403,1.4140363516585297,-0.0771547679439108,-0.0385773839719554
Mercaptoethanol_2-mercaptoethanol,ZnO_12_0,1ao6,32.5318123508039,32.57003825086771,-0.038577383971955315,72,217,-2.571,-7.76,-1.4911911196024403,1.4140363516585297,-0.0771547679439108,-0.0385773839719554
HEPES,Au_13,1ao6,31.320448425917323,31.36235692997082,-0.07842845212437954,73,221,-5.595,-2.34,0.530773204601641,-0.6876301088504001,-0.1568569042487591,-0.0784284521243795
HEPES,Ag_13,1ao6,30.731103999272328,30.77480413843421,-0.09781651910324413,74,225,-5.595,-2.24,0.530773204601641,-0.7264062428081293,-0.1956330382064882,-0.0978165191032441
Lipoic_acid_thioctic_acid,Au_13,1ao6,29.28796800268502,29.33605534396635,-0.145292351734303,75,231,-5.395,-2.34,0.3970454053817941,-0.6876301088504001,-0.2905847034686059,-0.1452923517343029
Lipoic_acid_thioctic_acid,Ag_13,1ao6,28.698623576040024,28.748502552429738,-0.16468041871316758,76,238,-5.395,-2.24,0.3970454053817941,-0.7264062428081293,-0.3293608374263351,-0.1646804187131675
5-Fluorouracil,Au_13,1ao6,28.39367661646282,28.444482646124396,-0.17471246756266895,77,239,-5.307,-2.34,0.3382051737250622,-0.6876301088504001,-0.3494249351253379,-0.1747124675626689
11-Mercaptoundecanesulfonic_acid_MUS,Au_13,1ao6,28.068479748745652,28.120274392363683,-0.1854106915002567,78,244,-5.275,-2.34,0.3168087258498867,-0.6876301088504001,-0.3708213830005133,-0.1854106915002566
SDS_dodecyl_sulfate_anion,Au_13,1ao6,27.997342933932515,28.04935383685352,-0.1877509279866042,79,246,-5.268,-2.34,0.3121282528771917,-0.6876301088504001,-0.3755018559732084,-0.1877509279866042
5-Fluorouracil,Ag_13,1ao6,27.804332189817824,27.85692985458779,-0.19410053454153353,80,249,-5.307,-2.24,0.3382051737250622,-0.7264062428081293,-0.388201069083067,-0.1941005345415335
Dihydrolipoic_acid_DHLA,Au_13,1ao6,27.59084684928606,27.64409351965263,-0.2011237079085889,81,250,-5.228,-2.34,0.2853826930332223,-0.6876301088504001,-0.4022474158171777,-0.2011237079085888
11-Mercaptoundecanesulfonic_acid_MUS,Ag_13,1ao6,27.479135322100653,27.53272160082707,-0.2047987584791213,82,252,-5.275,-2.24,0.3168087258498867,-0.7264062428081293,-0.4095975169582425,-0.2047987584791212
SDS_dodecyl_sulfate_anion,Ag_13,1ao6,27.407998507287523,27.461801045316914,-0.20713899496546878,83,253,-5.268,-2.24,0.3121282528771917,-0.7264062428081293,-0.4142779899309375,-0.2071389949654687
4-Mercaptobenzoic_acid,Au_13,1ao6,27.06240193924566,27.11725510729147,-0.2185083218071688,84,258,-5.176,-2.34,0.2506134652360625,-0.6876301088504001,-0.4370166436143376,-0.2185083218071688
Dihydrolipoic_acid_DHLA,Ag_13,1ao6,27.00150242264106,27.05654072811602,-0.2205117748874535,85,259,-5.228,-2.24,0.2853826930332223,-0.7264062428081293,-0.4410235497749069,-0.2205117748874534
11-Mercaptoundecanoic_acid_MUA,Au_13,1ao6,26.950615515967886,27.005808520061226,-0.22218583628571464,86,261,-5.165,-2.34,0.2432584362789708,-0.6876301088504001,-0.4443716725714293,-0.2221858362857146
4-Mercaptobenzoic_acid,Ag_13,1ao6,26.47305751260067,26.529702315754864,-0.2378963887860334,87,266,-5.176,-2.24,0.2506134652360625,-0.7264062428081293,-0.4757927775720668,-0.2378963887860334
11-Mercaptoundecanoic_acid_MUA,Ag_13,1ao6,26.36127108932289,26.418255728524617,-0.24157390326457923,88,269,-5.165,-2.24,0.2432584362789708,-0.7264062428081293,-0.4831478065291584,-0.2415739032645792
Arginine,Au_13,1ao6,25.3652807858467,25.42529328297775,-0.27433967798145475,89,276,-5.009,-2.34,0.1389507528874906,-0.6876301088504001,-0.5486793559629095,-0.2743396779814547
Arginine,Ag_13,1ao6,24.7759363592017,24.83774049144114,-0.29372774496031934,90,281,-5.009,-2.24,0.1389507528874906,-0.7264062428081293,-0.5874554899206387,-0.2937277449603193
Histidine,Au_13,1ao6,24.765699060993168,24.82753431510643,-0.2940645283663822,91,282,-4.95,-2.34,0.0995010521176357,-0.6876301088504001,-0.5881290567327644,-0.2940645283663822
D-Glucose,Au_13,1ao6,24.308390965765902,24.371616458255428,-0.30910890577861494,92,290,-4.905,-2.34,0.0694122972931702,-0.6876301088504001,-0.6182178115572298,-0.3091089057786149
Histidine,Ag_13,1ao6,24.176354634348176,24.239981523569824,-0.3134525953452468,93,291,-4.95,-2.24,0.0995010521176357,-0.7264062428081293,-0.6269051906904936,-0.3134525953452468
D-Glucose,Ag_13,1ao6,23.719046539120907,23.78406366671882,-0.3284969727574795,94,294,-4.905,-2.24,0.0694122972931702,-0.7264062428081293,-0.6569939455149589,-0.3284969727574794
Sodium_citrate_citrate3-,Au_13,1ao6,23.35312516684672,23.419254712833325,-0.340534938595279,95,297,-4.811,-2.34,0.0065602316598421,-0.6876301088504001,-0.6810698771905579,-0.3405349385952789
D-Galactose,Au_13,1ao6,23.302313156265914,23.36859717318322,-0.34220653608552704,96,298,-4.806,-2.34,0.003217036679346,-0.6876301088504001,-0.6844130721710541,-0.342206536085527
Citric_acid,Au_13,1ao6,22.885654669503285,22.953205348052297,-0.3559136355055614,97,300,-4.765,-2.34,-0.0241971621607227,-0.6876301088504001,-0.7118272710111229,-0.3559136355055614
Sodium_citrate_citrate3-,Ag_13,1ao6,22.76378074020172,22.831701921296716,-0.3599230055741436,98,302,-4.811,-2.24,0.0065602316598421,-0.7264062428081293,-0.7198460111482871,-0.3599230055741435
D-Galactose,Ag_13,1ao6,22.712968729620915,22.781044381646606,-0.3615946030643916,99,303,-4.806,-2.24,0.003217036679346,-0.7264062428081293,-0.7231892061287832,-0.3615946030643916
Mannose,Au_13,1ao6,22.43850897639219,22.50741899913132,-0.3706236934197444,100,304,-4.721,-2.34,-0.0536172779890887,-0.6876301088504001,-0.7412473868394889,-0.3706236934197444
1-Dodecanethiol,Au_13,1ao6,22.316560150998242,22.385840903971047,-0.37463552739633993,101,305,-4.709,-2.34,-0.0616409459422798,-0.6876301088504001,-0.74927105479268,-0.37463552739634
Citric_acid,Ag_13,1ao6,22.296310242858294,22.36565255651569,-0.37530170248442596,102,306,-4.765,-2.24,-0.0241971621607227,-0.7264062428081293,-0.750603404968852,-0.375301702484426
Mannose,Ag_13,1ao6,21.84916454974719,21.919866207594712,-0.39001176039860896,103,308,-4.721,-2.24,-0.0536172779890887,-0.7264062428081293,-0.780023520797218,-0.390011760398609
1-Dodecanethiol,Ag_13,1ao6,21.72721572435325,21.79828811243444,-0.3940235943752045,104,309,-4.709,-2.24,-0.0616409459422798,-0.7264062428081293,-0.7880471887504091,-0.3940235943752045
Lysine,Au_13,1ao6,21.12755910340735,21.200454476158438,-0.4137509086681451,105,312,-4.592,-2.34,-0.1398717084858901,-0.6876301088504001,-0.8275018173362902,-0.4137509086681451
Lysine,Ag_13,1ao6,20.538214676762358,20.612901684621832,-0.43313897564700965,106,319,-4.592,-2.24,-0.1398717084858901,-0.7264062428081293,-0.8662779512940194,-0.4331389756470097
4-Aminothiophenol,Au_13,1ao6,20.395866151043727,20.470985905196834,-0.4378219125277175,107,320,-4.52,-2.34,-0.188013716205035,-0.6876301088504001,-0.875643825055435,-0.4378219125277175
4-Aminothiophenol,Ag_13,1ao6,19.806521724398728,19.883433113660224,-0.45720997950658215,108,324,-4.52,-2.24,-0.188013716205035,-0.7264062428081293,-0.9144199590131644,-0.4572099795065821
PVP_monomer_N-vinyl-2-pyrrolidone,Au_13,1ao6,19.59303638386697,19.670596778725074,-0.46423315287363714,109,327,-4.441,-2.34,-0.2408361968968742,-0.6876301088504001,-0.9284663057472744,-0.4642331528736372
PVP_monomer_N-vinyl-2-pyrrolidone,Ag_13,1ao6,19.003691957221974,19.083043987188464,-0.4836212198525017,110,329,-4.441,-2.24,-0.2408361968968742,-0.7264062428081293,-0.9672424397050036,-0.4836212198525017
mPEG-thiol_n_6_methyl-capped,Au_13,1ao6,17.97721444739729,18.059687017851527,-0.5173899530635262,111,336,-4.282,-2.34,-0.3471497972766522,-0.6876301088504001,-1.0347799061270524,-0.5173899530635262
2-Mercaptosuccinic_acid,Au_13,1ao6,17.85526562200335,17.938108922691256,-0.5214017870401217,112,338,-4.27,-2.34,-0.3551734652298433,-0.6876301088504001,-1.0428035740802435,-0.5214017870401217
mPEG-thiol_n_6_methyl-capped,Ag_13,1ao6,17.3878700207523,17.47213422631492,-0.5367780200423907,113,348,-4.282,-2.24,-0.3471497972766522,-0.7264062428081293,-1.0735560400847814,-0.5367780200423907
2-Mercaptosuccinic_acid,Ag_13,1ao6,17.265921195358356,17.350556131154647,-0.5407898540189863,114,350,-4.27,-2.24,-0.3551734652298433,-0.7264062428081293,-1.0815797080379723,-0.5407898540189863
PEG-amine_n_3_proxy,Au_13,1ao6,16.66626457441246,16.752722494878647,-0.5605171683119269,115,353,-4.153,-2.34,-0.4334042277734536,-0.6876301088504001,-1.1210343366238538,-0.5605171683119269
PEG-thiol_n_4,Au_13,1ao6,16.26993089188216,16.357593685607775,-0.5735556287358619,116,358,-4.114,-2.34,-0.4594811486213235,-0.6876301088504001,-1.1471112574717237,-0.5735556287358619
Dithiothreitol_DTT,Au_13,1ao6,16.1276572622559,16.215752574587466,-0.5782361017085564,117,359,-4.1,-2.34,-0.4688420945667129,-0.6876301088504001,-1.156472203417113,-0.5782361017085565
PEG-amine_n_3_proxy,Ag_13,1ao6,16.076920147767463,16.165169703342038,-0.5799052352907914,118,360,-4.153,-2.24,-0.4334042277734536,-0.7264062428081293,-1.1598104705815828,-0.5799052352907914
PEG-thiol_n_4,Ag_13,1ao6,15.680586465237168,15.77004089407117,-0.5929436957147264,119,363,-4.114,-2.24,-0.4594811486213235,-0.7264062428081293,-1.1858873914294528,-0.5929436957147264
Dithiothreitol_DTT,Ag_13,1ao6,15.538312835610904,15.628199783050855,-0.5976241686874211,120,364,-4.1,-2.24,-0.4688420945667129,-0.7264062428081293,-1.1952483373748422,-0.5976241686874211
6-Mercaptohexanoic_acid,Au_13,1ao6,15.009793029478141,15.101286702285014,-0.6150112464940142,121,371,-3.99,-2.34,-0.5423923841376282,-0.6876301088504001,-1.2300224929880283,-0.6150112464940142
PEG-thiol_n_6,Au_13,1ao6,14.430536108856932,14.523790750273738,-0.6340674578828425,122,376,-3.933,-2.34,-0.5805048069152848,-0.6876301088504001,-1.268134915765685,-0.6340674578828425
6-Mercaptohexanoic_acid,Ag_13,1ao6,14.420448602833149,14.513733910748408,-0.6343993134728787,123,377,-3.99,-2.24,-0.5423923841376282,-0.7264062428081293,-1.2687986269457574,-0.6343993134728787
L-Homocysteine,Au_13,1ao6,14.379724098276128,14.473133210623631,-0.6357390553730905,124,379,-3.928,-2.34,-0.5838480018957809,-0.6876301088504001,-1.271478110746181,-0.6357390553730905
PEG-thiol_n_6,Ag_13,1ao6,13.841191682211935,13.936237958737129,-0.6534555248617071,125,383,-3.933,-2.24,-0.5805048069152848,-0.7264062428081293,-1.3069110497234142,-0.6534555248617071
L-Homocysteine,Ag_13,1ao6,13.790379671631134,13.885580419087022,-0.655127122351955,126,384,-3.928,-2.24,-0.5838480018957809,-0.7264062428081293,-1.31025424470391,-0.655127122351955
Methionine,Au_13,1ao6,13.627706341680181,13.723401623801982,-0.660478698228762,127,386,-3.854,-2.34,-0.6333272876071241,-0.6876301088504001,-1.320957396457524,-0.660478698228762
Methionine,Ag_13,1ao6,13.038361915035184,13.135848832265372,-0.6798667652076267,128,389,-3.854,-2.24,-0.6333272876071241,-0.7264062428081293,-1.3597335304152534,-0.6798667652076267
PEG-thiol_n_3,Au_13,1ao6,12.906175791432712,13.004064560770395,-0.6842153825902849,129,392,-3.783,-2.34,-0.6808006563301697,-0.6876301088504001,-1.3684307651805698,-0.6842153825902849
L-Cysteine,Au_13,1ao6,12.672440542760997,12.77103987837988,-0.6919047310454262,130,393,-3.76,-2.34,-0.6961793532404522,-0.6876301088504001,-1.3838094620908523,-0.6919047310454262
mPEG-thiol_n_3_methyl-capped,Au_13,1ao6,12.520004511018579,12.61906725942955,-0.6969195235161703,131,395,-3.745,-2.34,-0.7062089381819405,-0.6876301088504001,-1.3938390470323403,-0.6969195235161703
PEG-thiol_n_3,Ag_13,1ao6,12.316831364787719,12.416511769233788,-0.7036034495691494,132,396,-3.783,-2.24,-0.6808006563301697,-0.7264062428081293,-1.4072068991382989,-0.7036034495691494
L-Cysteine,Ag_13,1ao6,12.083096116116002,12.183487086843273,-0.7112927980242907,133,399,-3.76,-2.24,-0.6961793532404522,-0.7264062428081293,-1.4225855960485814,-0.7112927980242907
Tris_buffer_Tris_base,Au_13,1ao6,11.940747590397374,12.041571307418279,-0.7159757349049984,134,401,-3.688,-2.34,-0.7443213609595968,-0.6876301088504001,-1.4319514698099969,-0.7159757349049984
mPEG-thiol_n_3_methyl-capped,Ag_13,1ao6,11.930660084373581,12.03151446789294,-0.7163075904950349,135,402,-3.745,-2.24,-0.7062089381819405,-0.7264062428081293,-1.4326151809900698,-0.7163075904950349
1-Hexanethiol,Au_13,1ao6,11.625713124796365,11.727494561587584,-0.7263396393445366,136,404,-3.657,-2.34,-0.7650491698386731,-0.6876301088504001,-1.4526792786890732,-0.7263396393445366
PEG-dithiol_n_3,Au_13,1ao6,11.544413907867074,11.646442498147406,-0.7290141953289335,137,406,-3.649,-2.34,-0.770398281807467,-0.6876301088504001,-1.458028390657867,-0.7290141953289335
Tris_buffer_Tris_base,Ag_13,1ao6,11.351403163752376,11.454018515881668,-0.7353638018838631,138,409,-3.688,-2.24,-0.7443213609595968,-0.7264062428081293,-1.4707276037677262,-0.7353638018838631
1-Hexanethiol,Ag_13,1ao6,11.036368698151373,11.139941770050978,-0.7457277063234011,139,413,-3.657,-2.24,-0.7650491698386731,-0.7264062428081293,-1.4914554126468025,-0.7457277063234011
PEG-dithiol_n_3,Ag_13,1ao6,10.955069481222077,11.058889706610797,-0.7484022623077982,140,415,-3.649,-2.24,-0.770398281807467,-0.7264062428081293,-1.4968045246155963,-0.7484022623077982
3-Mercapto-1-propanesulfonic_acid_MPS,Au_13,1ao6,10.89402017243274,10.99802599062598,-0.750410643204109,141,417,-3.585,-2.34,-0.8131911775578179,-0.6876301088504001,-1.500821286408218,-0.750410643204109
3-Mercapto-1-propanesulfonic_acid_MPS,Ag_13,1ao6,10.304675745787744,10.41047319908937,-0.7697987101829735,142,420,-3.585,-2.24,-0.8131911775578179,-0.7264062428081293,-1.539597420365947,-0.7697987101829735
3-Mercaptopropionic_acid,Au_13,1ao6,8.43471886032166,8.546201071560581,-0.8313159617321162,143,429,-3.343,-2.34,-0.9750018146138324,-0.6876301088504001,-1.6626319234642324,-0.8313159617321162
3-Mercaptopropionic_acid,Ag_13,1ao6,7.845374433676663,7.95864828002397,-0.8507040287109808,144,432,-3.343,-2.24,-0.9750018146138324,-0.7264062428081293,-1.7014080574219617,-0.8507040287109808
Thiomethyl_PEG_linker_2-_2-methoxyethoxy_ethanethiol,Au_13,1ao6,7.784325124887329,7.897784564039157,-0.8527124096072916,145,433,-3.279,-2.34,-1.0177947103641831,-0.6876301088504001,-1.7054248192145836,-0.8527124096072918
Thiomethyl_PEG_linker_2-_2-methoxyethoxy_ethanethiol,Ag_13,1ao6,7.194980698242332,7.310231772502546,-0.8721004765861562,146,436,-3.279,-2.24,-1.0177947103641831,-0.7264062428081293,-1.7442009531723126,-0.8721004765861563
Thioglycolic_acid_mercaptoacetic_acid,Au_13,1ao6,5.701032691074215,5.820825438384575,-0.9212479067074633,147,441,-3.074,-2.34,-1.1548657045645263,-0.6876301088504001,-1.8424958134149263,-0.9212479067074631
1-Butanethiol,Au_13,1ao6,5.660383082609575,5.780299406664491,-0.9225851846996616,148,442,-3.07,-2.34,-1.1575402605489231,-0.6876301088504001,-1.845170369399323,-0.9225851846996616
Thioglycolic_acid_mercaptoacetic_acid,Ag_13,1ao6,5.111688264429222,5.2332726468479684,-0.9406359736863278,149,443,-3.074,-2.24,-1.1548657045645263,-0.7264062428081293,-1.881271947372656,-0.9406359736863278
1-Butanethiol,Ag_13,1ao6,5.0710386559645775,5.192746615127881,-0.9419732516785262,150,444,-3.07,-2.24,-1.1575402605489231,-0.7264062428081293,-1.8839465033570524,-0.9419732516785262
Polyethyleneimine_fragment_ethylenediamine,Au_13,1ao6,4.694954881574232,4.817806153312371,-0.9543455370143752,151,445,-2.975,-2.34,-1.2210609651783502,-0.6876301088504001,-1.9086910740287504,-0.9543455370143752
Polyethyleneimine_fragment_ethylenediamine,Ag_13,1ao6,4.105610454929239,4.230253361775763,-0.9737336039932397,152,448,-2.975,-2.24,-1.2210609651783502,-0.7264062428081293,-1.9474672079864797,-0.9737336039932396
Thioacetic_acid,Au_13,1ao6,1.951106310210632,2.0822990122063483,-1.0446118014877717,153,458,-2.705,-2.34,-1.4015934941251431,-0.6876301088504001,-2.0892236029755438,-1.0446118014877717
Thioacetic_acid,Ag_13,1ao6,1.3617618835656349,1.4947462206697377,-1.0639998684666363,154,460,-2.705,-2.24,-1.4015934941251431,-0.7264062428081293,-2.1279997369332726,-1.0639998684666363
Cysteamine_2-aminoethanethiol,Au_13,1ao6,0.5893444266449972,0.7246769495833634,-1.0894106142264202,155,468,-2.571,-2.34,-1.4911911196024403,-0.6876301088504001,-2.1788212284528403,-1.0894106142264202
Mercaptoethanol_2-mercaptoethanol,Au_13,1ao6,0.5893444266449972,0.7246769495833634,-1.0894106142264202,155,468,-2.571,-2.34,-1.4911911196024403,-0.6876301088504001,-2.1788212284528403,-1.0894106142264202
Cysteamine_2-aminoethanethiol,Ag_13,1ao6,0.0,0.13712415804675274,-1.1087986812052848,156,472,-2.571,-2.24,-1.4911911196024403,-0.7264062428081293,-2.2175973624105696,-1.1087986812052848
Mercaptoethanol_2-mercaptoethanol,Ag_13,1ao6,0.0,0.13712415804675274,-1.1087986812052848,156,472,-2.571,-2.24,-1.4911911196024403,-0.7264062428081293,-2.2175973624105696,-1.1087986812052848
Folic_acid,ZnO_12_0,1hzh,100.0,97.7766246422602,2.1131095497470325,1,3,-8.75,-7.38,2.812007457557419,1.4142116419366455,4.226219099494065,2.1131095497470325
Doxorubicin_proxy_daunorubicin_aglycone,ZnO_12_0,1hzh,91.27100934660253,89.24171221602978,1.8314745100330079,2,6,-7.94,-7.38,2.2487373781293702,1.4142116419366455,3.662949020066016,1.831474510033008
Tannic_acid_approx,ZnO_12_0,1hzh,86.78797217152433,84.85834978478059,1.686832316797163,3,9,-7.524,-7.38,1.9594529916576808,1.4142116419366455,3.373664633594326,1.686832316797163
Methotrexate,ZnO_12_0,1hzh,85.52711796603359,83.62552910099176,1.6461516999495818,4,12,-7.407,-7.38,1.878091757962518,1.4142116419366455,3.292303399899164,1.646151699949582
Curcumin,ZnO_12_0,1hzh,84.39558214059316,82.51915156425818,1.6096434540607267,5,15,-7.302,-7.38,1.805075266184808,1.4142116419366455,3.219286908121453,1.6096434540607267
Gemcitabine,ZnO_12_0,1hzh,80.97942160093021,79.17894509621492,1.499423321234374,6,18,-6.985,-7.38,1.5846350005321026,1.4142116419366455,2.9988466424687483,1.4994233212343742
Biotin,ZnO_12_0,1hzh,74.69670363681823,73.03591553511329,1.2967156321562552,7,23,-6.402,-7.38,1.1792196223758649,1.4142116419366455,2.5934312643125104,1.2967156321562552
RGD_peptide_Arg-Gly-Asp,ZnO_12_0,1hzh,73.6513800647447,72.01383342974988,1.2629889669065508,8,25,-6.305,-7.38,1.111766291876456,1.4142116419366455,2.5259779338131017,1.2629889669065508
TAT_peptide_fragment_YGRKKK_6_aa,ZnO_12_0,1hzh,71.7978166173566,70.20148165529109,1.2031849831648076,9,26,-6.133,-7.38,0.9921583243929696,1.4142116419366455,2.406369966329615,1.2031849831648076
HEPES,ZnO_12_0,1hzh,67.63807539240423,66.13422709168005,1.0689737173257785,10,34,-5.747,-7.38,0.7237357927149115,1.4142116419366455,2.137947434651557,1.0689737173257785
Folic_acid,Ag_13,1hzh,67.15724381361218,65.6640862037231,1.0534600083339891,11,35,-8.75,-2.13,2.812007457557419,-0.7050874408894409,2.1069200166679782,1.0534600083339891
Folic_acid,Au_13,1hzh,67.09468618278096,65.60291946384017,1.0514416282551071,12,36,-8.75,-2.12,2.812007457557419,-0.7091242010472047,2.1028832565102142,1.0514416282551071
Glutathione_GSH,ZnO_12_0,1hzh,65.71985275499097,64.25865374369361,1.007083548104672,13,37,-5.569,-7.38,0.5999554542726984,1.4142116419366455,2.014167096209344,1.007083548104672
Arginine,ZnO_12_0,1hzh,64.91161287967637,63.4683840745982,0.9810062296126325,14,38,-5.494,-7.38,0.5478008172886196,1.4142116419366455,1.9620124592252652,0.9810062296126328
Citric_acid,ZnO_12_0,1hzh,64.31890363777903,62.888852983928246,0.9618828627184706,15,40,-5.439,-7.38,0.5095540835002955,1.4142116419366455,1.923765725436941,0.9618828627184706
Lipoic_acid_thioctic_acid,ZnO_12_0,1hzh,62.93950758390882,61.54012608200542,0.9173775724920568,16,43,-5.311,-7.38,0.4205435030474679,1.4142116419366455,1.8347551449841133,0.9173775724920568
Mannose,ZnO_12_0,1hzh,62.734753482162446,61.33992443250124,0.9107713184740733,17,44,-5.292,-7.38,0.4073309950115012,1.4142116419366455,1.8215426369481469,0.9107713184740734
Histidine,ZnO_12_0,1hzh,61.86185441682271,60.48643318987821,0.8826078145026711,18,48,-5.211,-7.38,0.3510039870686967,1.4142116419366455,1.7652156290053425,0.8826078145026712
Sodium_citrate_citrate3-,ZnO_12_0,1hzh,61.44156968165912,60.075492961948584,0.8690476088868104,19,50,-5.172,-7.38,0.3238835758369754,1.4142116419366455,1.738095217773621,0.8690476088868105
Dihydrolipoic_acid_DHLA,ZnO_12_0,1hzh,60.7842012497366,59.43274029775099,0.8478380565132851,20,55,-5.111,-7.38,0.2814644710899248,1.4142116419366455,1.6956761130265705,0.8478380565132853
D-Galactose,ZnO_12_0,1hzh,60.50401142629421,59.15878014579792,0.838797919436045,21,58,-5.085,-7.38,0.2633841969354444,1.4142116419366455,1.6775958388720902,0.8387979194360451
D-Glucose,ZnO_12_0,1hzh,60.43935223626904,59.09555857227028,0.8367117339566816,22,59,-5.079,-7.38,0.2592118259767179,1.4142116419366455,1.6734234679133635,0.8367117339566819
11-Mercaptoundecanesulfonic_acid_MUS,ZnO_12_0,1hzh,59.68499501930877,58.35797354778124,0.8123729033641119,23,64,-5.009,-7.38,0.2105341647915783,1.4142116419366455,1.624745806728224,0.812372903364112
5-Fluorouracil,ZnO_12_0,1hzh,58.7905428906273,57.483408447315654,0.7835140042329216,24,68,-4.926,-7.38,0.1528163665291978,1.4142116419366455,1.5670280084658437,0.7835140042329218
Doxorubicin_proxy_daunorubicin_aglycone,Ag_13,1hzh,58.428253160214716,57.12917377749268,0.7718249686199647,25,71,-7.94,-2.13,2.2487373781293702,-0.7050874408894409,1.5436499372399295,0.7718249686199647
Doxorubicin_proxy_daunorubicin_aglycone,Au_13,1hzh,58.3656955293835,57.06800703760975,0.7698065885410827,26,72,-7.94,-2.12,2.2487373781293702,-0.7091242010472047,1.5396131770821655,0.7698065885410827
Lysine,ZnO_12_0,1hzh,57.98230301531272,56.693138778220245,0.7574366857408823,27,75,-4.851,-7.38,0.1006617295451191,1.4142116419366455,1.5148733714817648,0.7574366857408824
SDS_dodecyl_sulfate_anion,ZnO_12_0,1hzh,57.88531423027497,56.5983064179288,0.7543074075218374,28,77,-4.842,-7.38,0.0944031731070294,1.4142116419366455,1.5086148150436751,0.7543074075218376
4-Mercaptobenzoic_acid,ZnO_12_0,1hzh,57.87453769860412,56.587769489007535,0.7539597099419438,29,78,-4.841,-7.38,0.0937077779472421,1.4142116419366455,1.507919419883888,0.753959709941944
PVP_monomer_N-vinyl-2-pyrrolidone,ZnO_12_0,1hzh,54.533812880637186,53.32132152341317,0.6461734601748479,30,90,-4.531,-7.38,-0.1218647215869497,1.4142116419366455,1.292346920349696,0.646173460174848
1-Dodecanethiol,ZnO_12_0,1hzh,54.46915369061202,53.25809994988553,0.644087274695485,31,91,-4.525,-7.38,-0.1260370925456756,1.4142116419366455,1.2881745493909702,0.6440872746954851
11-Mercaptoundecanoic_acid_MUA,ZnO_12_0,1hzh,54.264399588865665,53.057898300381375,0.6374810206775017,32,93,-4.506,-7.38,-0.1392496005816422,1.4142116419366455,1.2749620413550034,0.6374810206775017
Tannic_acid_approx,Ag_13,1hzh,53.945215985136514,52.74581134624348,0.6271827753841199,33,96,-7.524,-2.13,1.9594529916576808,-0.7050874408894409,1.25436555076824,0.6271827753841199
Tannic_acid_approx,Au_13,1hzh,53.882658354305306,52.684644606360564,0.625164395305238,34,97,-7.524,-2.12,1.9594529916576808,-0.7091242010472047,1.250328790610476,0.6251643953052379
Dithiothreitol_DTT,ZnO_12_0,1hzh,53.63936075195572,52.44675642294759,0.6173145610436579,35,99,-4.448,-7.38,-0.1795825198493296,1.4142116419366455,1.2346291220873162,0.6173145610436581
Methotrexate,Ag_13,1hzh,52.68436177964577,51.51299066245464,0.5865021585365386,36,108,-7.407,-2.13,1.878091757962518,-0.7050874408894409,1.1730043170730773,0.5865021585365386
Methotrexate,Au_13,1hzh,52.621804148814554,51.45182392257171,0.5844837784576566,37,109,-7.407,-2.12,1.878091757962518,-0.7091242010472047,1.1689675569153133,0.5844837784576566
Curcumin,Ag_13,1hzh,51.55282595420536,50.40661312572108,0.5499939126476836,38,115,-7.302,-2.13,1.805075266184808,-0.7050874408894409,1.0999878252953668,0.5499939126476834
Curcumin,Au_13,1hzh,51.490268323374146,50.34544638583815,0.5479755325688016,39,118,-7.302,-2.12,1.805075266184808,-0.7091242010472047,1.095951065137603,0.5479755325688015
4-Aminothiophenol,ZnO_12_0,1hzh,51.45172482277093,50.30775985192935,0.5467319523252048,40,119,-4.245,-7.38,-0.3207477372862359,1.4142116419366455,1.0934639046504098,0.5467319523252049
L-Homocysteine,ZnO_12_0,1hzh,51.03144008760734,49.89681962399974,0.5331717467093445,41,123,-4.206,-7.38,-0.3478681485179565,1.4142116419366455,1.0663434934186893,0.5331717467093446
Methionine,ZnO_12_0,1hzh,50.90212170755701,49.77037647694447,0.528999375750618,42,125,-4.194,-7.38,-0.3562128904354095,1.4142116419366455,1.0579987515012363,0.5289993757506182
PEG-amine_n_3_proxy,ZnO_12_0,1hzh,50.751250264164945,49.622859472046656,0.5241316096321039,43,127,-4.18,-7.38,-0.3659484226724376,1.4142116419366455,1.048263219264208,0.524131609632104
6-Mercaptohexanoic_acid,ZnO_12_0,1hzh,49.84602160381262,48.737757442659806,0.4949250129210201,44,132,-4.096,-7.38,-0.4243616160946054,1.4142116419366455,0.9898500258420404,0.4949250129210201
2-Mercaptosuccinic_acid,ZnO_12_0,1hzh,48.779144968397375,47.69460147945386,0.46050295251152806,45,138,-3.997,-7.38,-0.4932057369135893,1.4142116419366455,0.9210059050230563,0.4605029525115282
mPEG-thiol_n_6_methyl-capped,ZnO_12_0,1hzh,48.401966359917246,47.32580896720934,0.44833353721524316,46,139,-3.962,-7.38,-0.5175445675061592,1.4142116419366455,0.8966670744304865,0.4483335372152432
Gemcitabine,Ag_13,1hzh,48.1366654145424,47.06640665767781,0.43977377982133087,47,141,-6.985,-2.13,1.5846350005321026,-0.7050874408894409,0.8795475596426617,0.4397737798213308
Gemcitabine,Au_13,1hzh,48.07410778371119,47.005239917794896,0.4377553997424489,48,142,-6.985,-2.12,1.5846350005321026,-0.7091242010472047,0.8755107994848979,0.4377553997424489
Tris_buffer_Tris_base,ZnO_12_0,1hzh,48.05711734644968,46.98862724172862,0.43720721465863976,49,143,-3.93,-7.38,-0.539797212619366,1.4142116419366455,0.8744144293172798,0.4372072146586399
PEG-thiol_n_6,ZnO_12_0,1hzh,47.66916220629869,46.609297800562835,0.42469010178246086,50,146,-3.894,-7.38,-0.5648314383717238,1.4142116419366455,0.8493802035649219,0.4246901017824609
3-Mercapto-1-propanesulfonic_acid_MPS,ZnO_12_0,1hzh,44.79182825017879,43.79593777858318,0.33185484795080084,51,160,-3.627,-7.38,-0.7505019460350438,1.4142116419366455,0.6637096959016019,0.3318548479508009
PEG-thiol_n_4,ZnO_12_0,1hzh,44.34999045167348,43.36392369281102,0.3175992471751527,52,164,-3.586,-7.38,-0.7790131475863401,1.4142116419366455,0.6351984943503056,0.3175992471751528
PEG-thiol_n_3,ZnO_12_0,1hzh,44.29610779331917,43.31123904820466,0.31586075927568347,53,165,-3.581,-7.38,-0.7824901233852786,1.4142116419366455,0.6317215185513672,0.3158607592756836
L-Cysteine,ZnO_12_0,1hzh,44.13445981825627,43.153185114385586,0.31064529557727555,54,167,-3.566,-7.38,-0.7929210507820944,1.4142116419366455,0.6212905911545513,0.3106452955772756
mPEG-thiol_n_3_methyl-capped,ZnO_12_0,1hzh,43.11068930952446,42.152176866864735,0.2776140254873592,55,173,-3.471,-7.38,-0.8589835909619271,1.4142116419366455,0.5552280509747186,0.2776140254873593
PEG-dithiol_n_3,ZnO_12_0,1hzh,42.67962804269001,41.730699710013845,0.2637061222916049,56,174,-3.431,-7.38,-0.8867993973534357,1.4142116419366455,0.52741224458321,0.263706122291605
1-Hexanethiol,ZnO_12_0,1hzh,42.15157799081783,41.21439019287151,0.24666894087680596,57,177,-3.382,-7.38,-0.9208737601830336,1.4142116419366455,0.493337881753612,0.246668940876806
Biotin,Ag_13,1hzh,41.85394745043041,40.92337709657618,0.237066090743212,58,180,-6.402,-2.13,1.1792196223758649,-0.7050874408894409,0.474132181486424,0.237066090743212
Biotin,Au_13,1hzh,41.791389819599196,40.862210356693254,0.23504771066433006,59,181,-6.402,-2.12,1.1792196223758649,-0.7091242010472047,0.4700954213286601,0.23504771066433
RGD_peptide_Arg-Gly-Asp,Ag_13,1hzh,40.80862387835687,39.90129499121277,0.20333942549350753,60,187,-6.305,-2.13,1.111766291876456,-0.7050874408894409,0.4066788509870153,0.2033394254935076
RGD_peptide_Arg-Gly-Asp,Au_13,1hzh,40.746066247525654,39.840128251329844,0.2013210454146256,61,188,-6.305,-2.12,1.111766291876456,-0.7091242010472047,0.4026420908292514,0.2013210454146257
3-Mercaptopropionic_acid,ZnO_12_0,1hzh,40.07170737834164,39.180762911066,0.17956330795729136,62,190,-3.189,-7.38,-1.0550850260220628,1.4142116419366455,0.3591266159145829,0.1795633079572914
TAT_peptide_fragment_YGRKKK_6_aa,Ag_13,1hzh,38.955060430968786,38.08894321675398,0.14353544175176436,63,192,-6.133,-2.13,0.9921583243929696,-0.7050874408894409,0.2870708835035286,0.1435354417517643
TAT_peptide_fragment_YGRKKK_6_aa,Au_13,1hzh,38.89250280013757,38.027776476871054,0.14151706167288242,64,193,-6.133,-2.12,0.9921583243929696,-0.7091242010472047,0.2830341233457647,0.1415170616728823
Polyethyleneimine_fragment_ethylenediamine,ZnO_12_0,1hzh,37.388350992297234,36.55706760966924,0.0929866105637207,65,198,-2.94,-7.38,-1.228238420809204,1.4142116419366455,0.1859732211274418,0.0929866105637209
Thiomethyl_PEG_linker_2-_2-methoxyethoxy_ethanethiol,ZnO_12_0,1hzh,36.63399377533696,35.8194825851802,0.0686477799711509,66,201,-2.87,-7.38,-1.2769160819943437,1.4142116419366455,0.137295559942302,0.068647779971151
Thioglycolic_acid_mercaptoacetic_acid,ZnO_12_0,1hzh,36.11672025513563,35.31370999695913,0.051958296136245696,67,204,-2.822,-7.38,-1.310295049664154,1.4142116419366455,0.1039165922724916,0.0519582961362458
1-Butanethiol,ZnO_12_0,1hzh,35.437798759871384,34.64988347491899,0.030053348602932628,68,207,-2.759,-7.38,-1.3541049447307802,1.4142116419366455,0.0601066972058654,0.0300533486029327
HEPES,Ag_13,1hzh,34.795319206016416,34.021688653142945,0.009324175912735322,69,208,-5.747,-2.13,0.7237357927149115,-0.7050874408894409,0.0186483518254706,0.0093241759127353
HEPES,Au_13,1hzh,34.7327615751852,33.96052191326002,0.007305795833853379,70,210,-5.747,-2.12,0.7237357927149115,-0.7091242010472047,0.0146115916677067,0.0073057958338533
Mercaptoethanol_2-mercaptoethanol,ZnO_12_0,1hzh,34.004520047646864,33.2484719283898,-0.016190429522950356,71,213,-2.626,-7.38,-1.4465925009825462,1.4142116419366455,-0.0323808590459004,-0.0161904295229502
Cysteamine_2-aminoethanethiol,ZnO_12_0,1hzh,33.896754730938255,33.14310263917708,-0.01966740532188882,72,215,-2.616,-7.38,-1.4535464525804231,1.4142116419366455,-0.0393348106437774,-0.0196674053218887
Thioacetic_acid,ZnO_12_0,1hzh,32.90531381721904,32.17370517842004,-0.05165558267212378,73,218,-2.524,-7.38,-1.517522807280893,1.4142116419366455,-0.1033111653442473,-0.0516555826721236
Glutathione_GSH,Ag_13,1hzh,32.87709656860314,32.146115305156506,-0.05256599330837125,74,219,-5.569,-2.13,0.5999554542726984,-0.7050874408894409,-0.1051319866167425,-0.0525659933083712
Glutathione_GSH,Au_13,1hzh,32.81453893777193,32.08494856527358,-0.05458437338725319,75,220,-5.569,-2.12,0.5999554542726984,-0.7091242010472047,-0.1091687467745063,-0.0545843733872531
Arginine,Ag_13,1hzh,32.068856693288566,31.355845636061098,-0.07864331180041062,76,222,-5.494,-2.13,0.5478008172886196,-0.7050874408894409,-0.1572866236008212,-0.0786433118004106
Arginine,Au_13,1hzh,32.006299062457344,31.29467889617817,-0.08066169187929256,77,223,-5.494,-2.12,0.5478008172886196,-0.7091242010472047,-0.1613233837585851,-0.0806616918792925
Citric_acid,Ag_13,1hzh,31.47614745139121,30.776314545391138,-0.09776667869457267,78,224,-5.439,-2.13,0.5095540835002955,-0.7050874408894409,-0.1955333573891453,-0.0977666786945726
Citric_acid,Au_13,1hzh,31.413589820559995,30.71514780550821,-0.09978505877345462,79,226,-5.439,-2.12,0.5095540835002955,-0.7091242010472047,-0.1995701175469092,-0.0997850587734546
Lipoic_acid_thioctic_acid,Ag_13,1hzh,30.09675139752099,29.427587643468303,-0.14227196892098648,80,229,-5.311,-2.13,0.4205435030474679,-0.7050874408894409,-0.2845439378419729,-0.1422719689209864
Lipoic_acid_thioctic_acid,Au_13,1hzh,30.034193766689775,29.366420903585375,-0.14429034899986842,81,230,-5.311,-2.12,0.4205435030474679,-0.7091242010472047,-0.2885806979997368,-0.1442903489998684
Mannose,Ag_13,1hzh,29.891997295774626,29.22738599396413,-0.14887822293896982,82,234,-5.292,-2.13,0.4073309950115012,-0.7050874408894409,-0.2977564458779396,-0.1488782229389698
Mannose,Au_13,1hzh,29.82943966494341,29.166219254081202,-0.15089660301785177,83,235,-5.292,-2.12,0.4073309950115012,-0.7091242010472047,-0.3017932060357035,-0.1508966030178517
Histidine,Ag_13,1hzh,29.019098230434885,28.373894751341094,-0.1770417269103721,84,241,-5.211,-2.13,0.3510039870686967,-0.7050874408894409,-0.3540834538207442,-0.1770417269103721
Histidine,Au_13,1hzh,28.956540599603677,28.31272801145817,-0.17906010698925404,85,242,-5.211,-2.12,0.3510039870686967,-0.7091242010472047,-0.3581202139785081,-0.179060106989254
Sodium_citrate_citrate3-,Ag_13,1hzh,28.598813495271298,27.962954523411476,-0.19060193252623273,86,247,-5.172,-2.13,0.3238835758369754,-0.7050874408894409,-0.3812038650524654,-0.1906019325262327
Sodium_citrate_citrate3-,Au_13,1hzh,28.536255864440083,27.901787783528547,-0.19262031260511467,87,248,-5.172,-2.12,0.3238835758369754,-0.7091242010472047,-0.3852406252102293,-0.1926203126051146
Dihydrolipoic_acid_DHLA,Ag_13,1hzh,27.941445063348773,27.320201859213874,-0.21181148489975804,88,254,-5.111,-2.13,0.2814644710899248,-0.7050874408894409,-0.423622969799516,-0.211811484899758
Dihydrolipoic_acid_DHLA,Au_13,1hzh,27.87888743251756,27.25903511933095,-0.21382986497863998,89,255,-5.111,-2.12,0.2814644710899248,-0.7091242010472047,-0.4276597299572799,-0.2138298649786399
D-Galactose,Ag_13,1hzh,27.66125523990639,27.046241707260805,-0.22085162197699823,90,260,-5.085,-2.13,0.2633841969354444,-0.7050874408894409,-0.4417032439539964,-0.2208516219769982
D-Galactose,Au_13,1hzh,27.598697609075177,26.98507496737788,-0.22287000205588017,91,262,-5.085,-2.12,0.2633841969354444,-0.7091242010472047,-0.4457400041117603,-0.2228700020558801
D-Glucose,Ag_13,1hzh,27.59659604988122,26.983020133733167,-0.2229378074563615,92,263,-5.079,-2.13,0.2592118259767179,-0.7050874408894409,-0.4458756149127229,-0.2229378074563614
D-Glucose,Au_13,1hzh,27.534038419050006,26.921853393850242,-0.22495618753524343,93,264,-5.079,-2.12,0.2592118259767179,-0.7091242010472047,-0.4499123750704868,-0.2249561875352434
11-Mercaptoundecanesulfonic_acid_MUS,Ag_13,1hzh,26.842238832920952,26.245435109244127,-0.2472766380489313,94,271,-5.009,-2.13,0.2105341647915783,-0.7050874408894409,-0.4945532760978625,-0.2472766380489312
11-Mercaptoundecanesulfonic_acid_MUS,Au_13,1hzh,26.779681202089737,26.1842683693612,-0.24929501812781324,95,272,-5.009,-2.12,0.2105341647915783,-0.7091242010472047,-0.4985900362556264,-0.2492950181278132
5-Fluorouracil,Ag_13,1hzh,25.947786704239483,25.37087000877854,-0.2761355371801215,96,277,-4.926,-2.13,0.1528163665291978,-0.7050874408894409,-0.552271074360243,-0.2761355371801215
5-Fluorouracil,Au_13,1hzh,25.88522907340827,25.309703268895614,-0.27815391725900346,97,278,-4.926,-2.12,0.1528163665291978,-0.7091242010472047,-0.5563078345180069,-0.2781539172590034
Lysine,Ag_13,1hzh,25.139546828924903,24.580600339683134,-0.3022128556721609,98,283,-4.851,-2.13,0.1006617295451191,-0.7050874408894409,-0.6044257113443217,-0.3022128556721608
Lysine,Au_13,1hzh,25.07698919809369,24.519433599800205,-0.30423123575104283,99,284,-4.851,-2.12,0.1006617295451191,-0.7091242010472047,-0.6084624715020857,-0.3042312357510428
SDS_dodecyl_sulfate_anion,Ag_13,1hzh,25.042558043887148,24.485767979391678,-0.30534213389120574,100,285,-4.842,-2.13,0.0944031731070294,-0.7050874408894409,-0.6106842677824114,-0.3053421338912057
4-Mercaptobenzoic_acid,Ag_13,1hzh,25.03178151221629,24.47523105047041,-0.3056898314710994,101,286,-4.841,-2.13,0.0937077779472421,-0.7050874408894409,-0.6113796629421987,-0.3056898314710993
SDS_dodecyl_sulfate_anion,Au_13,1hzh,24.980000413055933,24.42460123950875,-0.3073605139700877,102,287,-4.842,-2.12,0.0944031731070294,-0.7091242010472047,-0.6147210279401752,-0.3073605139700876
4-Mercaptobenzoic_acid,Au_13,1hzh,24.969223881385076,24.41406431058748,-0.30770821154998135,103,288,-4.841,-2.12,0.0937077779472421,-0.7091242010472047,-0.6154164230999626,-0.3077082115499813
PVP_monomer_N-vinyl-2-pyrrolidone,Ag_13,1hzh,21.69105669424936,21.208783084876057,-0.4134760812381953,104,311,-4.531,-2.13,-0.1218647215869497,-0.7050874408894409,-0.8269521624763907,-0.4134760812381953
PVP_monomer_N-vinyl-2-pyrrolidone,Au_13,1hzh,21.628499063418147,21.14761634499313,-0.41549446131707723,105,313,-4.531,-2.12,-0.1218647215869497,-0.7091242010472047,-0.8309889226341545,-0.4154944613170772
1-Dodecanethiol,Ag_13,1hzh,21.6263975042242,21.14556151134843,-0.41556226671755825,106,314,-4.525,-2.13,-0.1260370925456756,-0.7050874408894409,-0.8311245334351165,-0.4155622667175582
1-Dodecanethiol,Au_13,1hzh,21.563839873392983,21.084394771465497,-0.4175806467964402,107,315,-4.525,-2.12,-0.1260370925456756,-0.7091242010472047,-0.8351612935928804,-0.4175806467964402
11-Mercaptoundecanoic_acid_MUA,Ag_13,1hzh,21.421643402477837,20.945359861844253,-0.42216852073554156,108,316,-4.506,-2.13,-0.1392496005816422,-0.7050874408894409,-0.8443370414710831,-0.4221685207355415
11-Mercaptoundecanoic_acid_MUA,Au_13,1hzh,21.359085771646626,20.88419312196133,-0.42418690081442345,109,317,-4.506,-2.12,-0.1392496005816422,-0.7091242010472047,-0.848373801628847,-0.4241869008144235
Dithiothreitol_DTT,Ag_13,1hzh,20.7966045655679,20.334217984410476,-0.44233498036938523,110,321,-4.448,-2.13,-0.1795825198493296,-0.7050874408894409,-0.8846699607387705,-0.4423349803693852
Dithiothreitol_DTT,Au_13,1hzh,20.734046934736686,20.273051244527547,-0.4443533604482672,111,322,-4.448,-2.12,-0.1795825198493296,-0.7091242010472047,-0.8887067208965344,-0.4443533604482672
4-Aminothiophenol,Ag_13,1hzh,18.608968636383104,18.195221413392233,-0.5129175890878384,112,334,-4.245,-2.13,-0.3207477372862359,-0.7050874408894409,-1.0258351781756767,-0.5129175890878384
4-Aminothiophenol,Au_13,1hzh,18.54641100555189,18.134054673509308,-0.5149359691667204,113,335,-4.245,-2.12,-0.3207477372862359,-0.7091242010472047,-1.0298719383334407,-0.5149359691667204
L-Homocysteine,Ag_13,1hzh,18.188683901219523,17.784281185462625,-0.5264777947036987,114,340,-4.206,-2.13,-0.3478681485179565,-0.7050874408894409,-1.0529555894073974,-0.5264777947036987
L-Homocysteine,Au_13,1hzh,18.126126270388312,17.7231144455797,-0.5284961747825806,115,341,-4.206,-2.12,-0.3478681485179565,-0.7091242010472047,-1.0569923495651614,-0.5284961747825807
Methionine,Ag_13,1hzh,18.059365521169187,17.657838038407355,-0.5306501656624252,116,344,-4.194,-2.13,-0.3562128904354095,-0.7050874408894409,-1.0613003313248504,-0.5306501656624252
Methionine,Au_13,1hzh,17.99680789033797,17.596671298524424,-0.5326685457413072,117,346,-4.194,-2.12,-0.3562128904354095,-0.7091242010472047,-1.0653370914826144,-0.5326685457413072
PEG-amine_n_3_proxy,Ag_13,1hzh,17.90849407777713,17.510321033509545,-0.5355179317809392,118,347,-4.18,-2.13,-0.3659484226724376,-0.7050874408894409,-1.0710358635618786,-0.5355179317809393
PEG-amine_n_3_proxy,Au_13,1hzh,17.845936446945917,17.449154293626616,-0.5375363118598212,119,349,-4.18,-2.12,-0.3659484226724376,-0.7091242010472047,-1.0750726237196424,-0.5375363118598212
6-Mercaptohexanoic_acid,Ag_13,1hzh,17.003265417424803,16.625219004122687,-0.5647245284920231,120,356,-4.096,-2.13,-0.4243616160946054,-0.7050874408894409,-1.1294490569840463,-0.5647245284920231
6-Mercaptohexanoic_acid,Au_13,1hzh,16.940707786593592,16.564052264239763,-0.566742908570905,121,357,-4.096,-2.12,-0.4243616160946054,-0.7091242010472047,-1.13348581714181,-0.566742908570905
2-Mercaptosuccinic_acid,Ag_13,1hzh,15.936388782009557,15.582063040916747,-0.5991465889015151,122,365,-3.997,-2.13,-0.4932057369135893,-0.7050874408894409,-1.19829317780303,-0.5991465889015151
2-Mercaptosuccinic_acid,Au_13,1hzh,15.873831151178342,15.520896301033819,-0.6011649689803971,123,366,-3.997,-2.12,-0.4932057369135893,-0.7091242010472047,-1.202329937960794,-0.6011649689803971
mPEG-thiol_n_6_methyl-capped,Ag_13,1hzh,15.559210173529419,15.213270528672224,-0.6113160041978001,124,369,-3.962,-2.13,-0.5175445675061592,-0.7050874408894409,-1.2226320083956002,-0.6113160041978001
mPEG-thiol_n_6_methyl-capped,Au_13,1hzh,15.49665254269821,15.1521037887893,-0.613334384276682,125,370,-3.962,-2.12,-0.5175445675061592,-0.7091242010472047,-1.226668768553364,-0.613334384276682
Tris_buffer_Tris_base,Ag_13,1hzh,15.214361160061868,14.876088803191518,-0.6224423267544035,126,372,-3.93,-2.13,-0.539797212619366,-0.7050874408894409,-1.244884653508807,-0.6224423267544035
Tris_buffer_Tris_base,Au_13,1hzh,15.151803529230655,14.814922063308593,-0.6244607068332854,127,373,-3.93,-2.12,-0.539797212619366,-0.7091242010472047,-1.2489214136665707,-0.6244607068332854
PEG-thiol_n_6,Ag_13,1hzh,14.82640601991087,14.496759362025722,-0.6349594396305823,128,378,-3.894,-2.13,-0.5648314383717238,-0.7050874408894409,-1.2699188792611646,-0.6349594396305823
PEG-thiol_n_6,Au_13,1hzh,14.763848389079659,14.4355926221428,-0.6369778197094642,129,380,-3.894,-2.12,-0.5648314383717238,-0.7091242010472047,-1.2739556394189284,-0.6369778197094642
3-Mercapto-1-propanesulfonic_acid_MPS,Ag_13,1hzh,11.949072063790963,11.683399340046066,-0.7277946934622423,130,405,-3.627,-2.13,-0.7505019460350438,-0.7050874408894409,-1.4555893869244847,-0.7277946934622423
3-Mercapto-1-propanesulfonic_acid_MPS,Au_13,1hzh,11.886514432959748,11.622232600163137,-0.7298130735411243,131,407,-3.627,-2.12,-0.7505019460350438,-0.7091242010472047,-1.4596261470822487,-0.7298130735411243
PEG-thiol_n_4,Ag_13,1hzh,11.507234265285659,11.25138525427391,-0.7420502942378905,132,410,-3.586,-2.13,-0.7790131475863401,-0.7050874408894409,-1.484100588475781,-0.7420502942378905
PEG-thiol_n_3,Ag_13,1hzh,11.453351606931358,11.198700609667553,-0.7437887821373597,133,411,-3.581,-2.13,-0.7824901233852786,-0.7050874408894409,-1.487577564274719,-0.7437887821373597
PEG-thiol_n_4,Au_13,1hzh,11.44467663445445,11.190218514390985,-0.7440686743167724,134,412,-3.586,-2.12,-0.7790131475863401,-0.7091242010472047,-1.4881373486335447,-0.7440686743167724
PEG-thiol_n_3,Au_13,1hzh,11.390793976100143,11.137533869784624,-0.7458071622162417,135,414,-3.581,-2.12,-0.7824901233852786,-0.7091242010472047,-1.491614324432483,-0.7458071622162417
L-Cysteine,Ag_13,1hzh,11.291703631868439,11.040646675848466,-0.7490042458357676,136,416,-3.566,-2.13,-0.7929210507820944,-0.7050874408894409,-1.4980084916715353,-0.7490042458357676
L-Cysteine,Au_13,1hzh,11.229146001037227,10.979479935965543,-0.7510226259146495,137,418,-3.566,-2.12,-0.7929210507820944,-0.7091242010472047,-1.502045251829299,-0.7510226259146495
mPEG-thiol_n_3_methyl-capped,Ag_13,1hzh,10.267933123136642,10.03963842832762,-0.782035515925684,138,421,-3.471,-2.13,-0.8589835909619271,-0.7050874408894409,-1.564071031851368,-0.782035515925684
mPEG-thiol_n_3_methyl-capped,Au_13,1hzh,10.205375492305427,9.978471688444692,-0.784053896004566,139,422,-3.471,-2.12,-0.8589835909619271,-0.7091242010472047,-1.568107792009132,-0.784053896004566
PEG-dithiol_n_3,Ag_13,1hzh,9.8368718563022,9.618161271476735,-0.7959434191214383,140,423,-3.431,-2.13,-0.8867993973534357,-0.7050874408894409,-1.5918868382428766,-0.7959434191214383
PEG-dithiol_n_3,Au_13,1hzh,9.774314225470983,9.556994531593807,-0.7979617992003203,141,424,-3.431,-2.12,-0.8867993973534357,-0.7091242010472047,-1.5959235984006406,-0.7979617992003203
1-Hexanethiol,Ag_13,1hzh,9.308821804430009,9.101851754334403,-0.8129806005362372,142,425,-3.382,-2.13,-0.9208737601830336,-0.7050874408894409,-1.6259612010724744,-0.8129806005362372
1-Hexanethiol,Au_13,1hzh,9.246264173598794,9.040685014451476,-0.8149989806151192,143,426,-3.382,-2.12,-0.9208737601830336,-0.7091242010472047,-1.6299979612302384,-0.8149989806151192
3-Mercaptopropionic_acid,Ag_13,1hzh,7.228951191953823,7.068224472528885,-0.8800862334557518,144,437,-3.189,-2.13,-1.0550850260220628,-0.7050874408894409,-1.7601724669115035,-0.8800862334557518
3-Mercaptopropionic_acid,Au_13,1hzh,7.166393561122608,7.007057732645957,-0.8821046135346338,145,438,-3.189,-2.12,-1.0550850260220628,-0.7091242010472047,-1.7642092270692675,-0.8821046135346338
Polyethyleneimine_fragment_ethylenediamine,Ag_13,1hzh,4.545594805909413,4.444529171132124,-0.9666629308493224,146,446,-2.94,-2.13,-1.228238420809204,-0.7050874408894409,-1.9333258616986448,-0.9666629308493224
Polyethyleneimine_fragment_ethylenediamine,Au_13,1hzh,4.4830371750781985,4.3833624312491954,-0.9686813109282044,147,447,-2.94,-2.12,-1.228238420809204,-0.7091242010472047,-1.9373626218564088,-0.9686813109282044
Thiomethyl_PEG_linker_2-_2-methoxyethoxy_ethanethiol,Ag_13,1hzh,3.7912375889491465,3.706944146643083,-0.9910017614418922,148,449,-2.87,-2.13,-1.2769160819943437,-0.7050874408894409,-1.9820035228837845,-0.9910017614418922
Thiomethyl_PEG_linker_2-_2-methoxyethoxy_ethanethiol,Au_13,1hzh,3.728679958117931,3.6457774067601543,-0.9930201415207742,149,450,-2.87,-2.12,-1.2769160819943437,-0.7091242010472047,-1.9860402830415484,-0.9930201415207742
Thioglycolic_acid_mercaptoacetic_acid,Ag_13,1hzh,3.2739640687478135,3.2011715584220197,-1.0076912452767974,150,451,-2.822,-2.13,-1.310295049664154,-0.7050874408894409,-2.015382490553595,-1.0076912452767974
Thioglycolic_acid_mercaptoacetic_acid,Au_13,1hzh,3.2114064379165983,3.1400048185390914,-1.0097096253556794,151,452,-2.822,-2.12,-1.310295049664154,-0.7091242010472047,-2.019419250711359,-1.0097096253556794
1-Butanethiol,Ag_13,1hzh,2.5950425734835654,2.5373450363818755,-1.0295961928101105,152,454,-2.759,-2.13,-1.3541049447307802,-0.7050874408894409,-2.059192385620221,-1.0295961928101105
1-Butanethiol,Au_13,1hzh,2.53248494265235,2.476178296498947,-1.0316145728889925,153,455,-2.759,-2.12,-1.3541049447307802,-0.7091242010472047,-2.063229145777985,-1.0316145728889925
Mercaptoethanol_2-mercaptoethanol,Ag_13,1hzh,1.1617638612590424,1.1359334898526825,-1.0758399709359936,154,463,-2.626,-2.13,-1.4465925009825462,-0.7050874408894409,-2.151679941871987,-1.0758399709359936
Mercaptoethanol_2-mercaptoethanol,Au_13,1hzh,1.099206230427834,1.074766749969761,-1.0778583510148754,155,464,-2.626,-2.12,-1.4465925009825462,-0.7091242010472047,-2.1557167020297507,-1.0778583510148754
Cysteamine_2-aminoethanethiol,Ag_13,1hzh,1.0539985445504387,1.0305642006399682,-1.079316946734932,156,466,-2.616,-2.13,-1.4535464525804231,-0.7050874408894409,-2.158633893469864,-1.079316946734932
Cysteamine_2-aminoethanethiol,Au_13,1hzh,0.9914409137192234,0.9693974607570399,-1.081335326813814,157,467,-2.616,-2.12,-1.4535464525804231,-0.7091242010472047,-2.162670653627628,-1.081335326813814
Thioacetic_acid,Ag_13,1hzh,0.06255763083121525,0.06116673988292818,-1.111305124085167,158,473,-2.524,-2.13,-1.517522807280893,-0.7050874408894409,-2.222610248170334,-1.111305124085167
Thioacetic_acid,Au_13,1hzh,0.0,0.0,-1.113323504164049,159,474,-2.524,-2.12,-1.517522807280893,-0.7091242010472047,-2.226647008328098,-1.113323504164049
Folic_acid,ZnO_12_0,2hav,100.0,100.0,2.186476489664516,1,1,-10.09,-8.44,2.959139896366932,1.4138130829620992,4.372952979329032,2.186476489664516
Curcumin,ZnO_12_0,2hav,89.44430352446125,89.46155876163006,1.8387290063311577,2,5,-8.929,-8.44,2.263644929700216,1.4138130829620992,3.677458012662315,1.8387290063311572
Doxorubicin_proxy_daunorubicin_aglycone,ZnO_12_0,2hav,85.56206201278593,85.58566349135961,1.710832214441972,3,7,-8.502,-8.44,2.007851345921845,1.4138130829620992,3.4216644288839446,1.7108322144419723
Tannic_acid_approx,ZnO_12_0,2hav,83.97097942603375,83.99718182321601,1.6584154964546012,4,10,-8.327,-8.44,1.9030179099471032,1.4138130829620992,3.3168309929092024,1.6584154964546012
Methotrexate,ZnO_12_0,2hav,83.24362738637562,83.27101877492179,1.634453568231803,5,13,-8.247,-8.44,1.8550940535015068,1.4138130829620992,3.268907136463606,1.634453568231803
TAT_peptide_fragment_YGRKKK_6_aa,ZnO_12_0,2hav,81.71618810309351,81.74607637350391,1.584133518963927,6,16,-8.079,-8.44,1.754453954965755,1.4138130829620992,3.168267037927854,1.584133518963927
Gemcitabine,ZnO_12_0,2hav,74.8427113283241,74.88383556712348,1.3576932972584843,7,19,-7.323,-8.44,1.3015735115548697,1.4138130829620992,2.7153865945169686,1.3576932972584843
RGD_peptide_Arg-Gly-Asp,ZnO_12_0,2hav,73.85169417428989,73.8944384138226,1.325045170054922,8,21,-7.214,-8.44,1.2362772571477447,1.4138130829620992,2.650090340109844,1.325045170054922
Glutathione_GSH,ZnO_12_0,2hav,68.86933270263162,68.92022153300715,1.1609059617287545,9,27,-6.666,-8.44,0.9079988404954098,1.4138130829620992,2.321811923457509,1.1609059617287545
Folic_acid,Au_13,2hav,68.25566097405816,68.30755296431471,1.1406891243368513,10,28,-10.09,-2.34,2.959139896366932,-0.6777616476932294,2.281378248673702,1.140689124336851
Biotin,ZnO_12_0,2hav,68.1510725634692,68.20313552281661,1.1372435576087412,11,29,-6.587,-8.44,0.8606740322553831,1.4138130829620992,2.2744871152174824,1.1372435576087412
Folic_acid,Ag_13,2hav,67.3709826733352,67.424320833812,1.1115442305490313,12,31,-10.09,-2.17,2.959139896366932,-0.7360514352688697,2.2230884610980626,1.1115442305490313
SDS_dodecyl_sulfate_anion,ZnO_12_0,2hav,61.79583411695621,61.85828588834582,0.9278762097620422,13,41,-5.888,-8.44,0.4419393365619853,1.4138130829620992,1.8557524195240844,0.9278762097620422
HEPES,ZnO_12_0,2hav,61.604904206545946,61.6676680881686,0.9215862036035578,14,42,-5.867,-8.44,0.4293593242450163,1.4138130829620992,1.843172407207116,0.9215862036035578
D-Galactose,ZnO_12_0,2hav,60.92301166936644,60.98689023039274,0.8991218958946844,15,46,-5.792,-8.44,0.3844307088272696,1.4138130829620992,1.7982437917893688,0.8991218958946844
Sodium_citrate_citrate3-,ZnO_12_0,2hav,60.768449360939094,60.83258058263023,0.89402998614734,16,47,-5.775,-8.44,0.3742468893325807,1.4138130829620992,1.78805997229468,0.89402998614734
D-Glucose,ZnO_12_0,2hav,59.73197270442623,59.79779823881095,0.8598842384298524,17,53,-5.661,-8.44,0.3059553938976055,1.4138130829620992,1.7197684768597048,0.8598842384298524
Mannose,ZnO_12_0,2hav,59.259193878648446,59.32579225741971,0.8443089850850337,18,57,-5.609,-8.44,0.2748048872079682,1.4138130829620992,1.6886179701700674,0.8443089850850337
Citric_acid,ZnO_12_0,2hav,58.76823125187919,58.8356321998211,0.8281346835346448,19,62,-5.555,-8.44,0.2424562841071905,1.4138130829620992,1.6562693670692896,0.8281346835346448
Histidine,ZnO_12_0,2hav,58.122706316682596,58.19116249445998,0.8068684722369115,20,65,-5.484,-8.44,0.1999238615117239,1.4138130829620992,1.6137369444738232,0.8068684722369116
11-Mercaptoundecanesulfonic_acid_MUS,ZnO_12_0,2hav,58.11361441618687,58.1820854563563,0.8065689481341265,21,66,-5.483,-8.44,0.1993248133061538,1.4138130829620992,1.613137896268253,0.8065689481341265
Curcumin,Au_13,2hav,57.699964498519414,57.769111725944775,0.7929416410034933,22,67,-8.929,-2.34,2.263644929700216,-0.6777616476932294,1.585883282006986,0.7929416410034931
Arginine,ZnO_12_0,2hav,57.41353807801591,57.4831535223731,0.7835055922196832,23,69,-5.406,-8.44,0.1531981014772673,1.4138130829620992,1.5670111844393666,0.7835055922196833
Curcumin,Ag_13,2hav,56.81528619779645,56.88587959544207,0.7637967472156733,24,73,-8.929,-2.17,2.263644929700216,-0.7360514352688697,1.527593494431346,0.763796747215673
5-Fluorouracil,ZnO_12_0,2hav,56.6952779388535,56.76606751218256,0.7598431880996701,25,74,-5.327,-8.44,0.1058732932372411,1.4138130829620992,1.5196863761993402,0.7598431880996701
Lipoic_acid_thioctic_acid,ZnO_12_0,2hav,56.013385401674,56.08528965440672,0.7373788803907968,26,80,-5.252,-8.44,0.0609446778194944,1.4138130829620992,1.4747577607815936,0.7373788803907968
11-Mercaptoundecanoic_acid_MUA,ZnO_12_0,2hav,55.80427169027228,55.87651777802214,0.7304898260267424,27,81,-5.229,-8.44,0.0471665690913857,1.4138130829620992,1.460979652053485,0.7304898260267425
Dihydrolipoic_acid_DHLA,ZnO_12_0,2hav,55.3678604664774,55.4408199490456,0.7161126690930636,28,82,-5.181,-8.44,0.0184122552240279,1.4138130829620992,1.4322253381861272,0.7161126690930636
Doxorubicin_proxy_daunorubicin_aglycone,Au_13,2hav,53.81772298684408,53.893216455674334,0.6650448491143077,29,88,-8.502,-2.34,2.007851345921845,-0.6777616476932294,1.330089698228616,0.665044849114308
4-Mercaptobenzoic_acid,ZnO_12_0,2hav,53.73131837724659,53.806953090383594,0.6621983305917678,30,89,-5.001,-8.44,-0.0894164217785636,1.4138130829620992,1.3243966611835356,0.6621983305917678
Doxorubicin_proxy_daunorubicin_aglycone,Ag_13,2hav,52.933044686121114,53.00998432517163,0.6358999553264877,31,95,-8.502,-2.17,2.007851345921845,-0.7360514352688697,1.2717999106529758,0.6358999553264879
1-Dodecanethiol,ZnO_12_0,2hav,52.28570619842603,52.36370403189881,0.6145739982489562,32,100,-4.842,-8.44,-0.1846650864641867,1.4138130829620992,1.2291479964979124,0.6145739982489562
Tannic_acid_approx,Au_13,2hav,52.2266404000919,52.30473478753072,0.6126281311269368,33,102,-8.327,-2.34,1.9030179099471032,-0.6777616476932294,1.2252562622538736,0.6126281311269368
Lysine,ZnO_12_0,2hav,51.5947217607508,51.673849136019314,0.5918101664372981,34,104,-4.766,-8.44,-0.230192750087503,1.4138130829620992,1.1836203328745962,0.5918101664372981
Methotrexate,Au_13,2hav,51.499288360433766,51.578571739236494,0.5886662029041387,35,105,-8.247,-2.34,1.8550940535015068,-0.6777616476932294,1.1773324058082777,0.5886662029041387
PVP_monomer_N-vinyl-2-pyrrolidone,ZnO_12_0,2hav,51.46743515381062,51.54677060256782,0.5876168289983084,36,106,-4.752,-8.44,-0.2385794249654825,1.4138130829620992,1.1752336579966167,0.5876168289983084
Tannic_acid_approx,Ag_13,2hav,51.341962099368935,51.421502657028014,0.5834832373391168,37,110,-8.327,-2.17,1.9030179099471032,-0.7360514352688697,1.1669664746782336,0.5834832373391168
Methotrexate,Ag_13,2hav,50.61461005971079,50.69533960873378,0.5595213091163185,38,113,-8.247,-2.17,1.8550940535015068,-0.7360514352688697,1.119042618232637,0.5595213091163185
PEG-thiol_n_6,ZnO_12_0,2hav,50.47641799977641,50.55737344926694,0.5549687017947458,39,114,-4.643,-8.44,-0.3038756793726075,1.4138130829620992,1.1099374035894916,0.5549687017947458
mPEG-thiol_n_6_methyl-capped,ZnO_12_0,2hav,50.321855691349064,50.403063801504416,0.5498767920474014,40,116,-4.626,-8.44,-0.3140594988672964,1.4138130829620992,1.0997535840948027,0.5498767920474014
2-Mercaptosuccinic_acid,ZnO_12_0,2hav,50.12183388044307,50.2033689632235,0.5432872617861318,41,120,-4.604,-8.44,-0.3272385593898355,1.4138130829620992,1.0865745235722637,0.5432872617861318
TAT_peptide_fragment_YGRKKK_6_aa,Au_13,2hav,49.971849077151674,50.05362933781863,0.5383461536362628,42,121,-8.079,-2.34,1.754453954965755,-0.6777616476932294,1.0766923072725256,0.5383461536362628
PEG-amine_n_3_proxy,ZnO_12_0,2hav,49.29447093533193,49.377358495788826,0.5160305684326989,43,128,-4.513,-8.44,-0.3817519460967015,1.4138130829620992,1.0320611368653978,0.5160305684326989
Dithiothreitol_DTT,ZnO_12_0,2hav,49.285379034836204,49.368281457685136,0.5157310443299138,44,129,-4.512,-8.44,-0.3823509943022716,1.4138130829620992,1.0314620886598276,0.5157310443299138
TAT_peptide_fragment_YGRKKK_6_aa,Ag_13,2hav,49.08717077642871,49.17039720731592,0.5092012598484426,45,130,-8.079,-2.17,1.754453954965755,-0.7360514352688697,1.0184025196968851,0.5092012598484426
L-Homocysteine,ZnO_12_0,2hav,48.35800518427208,48.44242357111001,0.4851795858458463,46,134,-4.41,-8.44,-0.4434539112704065,1.4138130829620992,0.9703591716916926,0.4851795858458463
Methionine,ZnO_12_0,2hav,48.27617807981054,48.360730228176905,0.48248386892078143,47,135,-4.401,-8.44,-0.4488453451205363,1.4138130829620992,0.9649677378415628,0.4824838689207814
PEG-thiol_n_4,ZnO_12_0,2hav,47.03058771189597,47.11717600797305,0.4414490668392397,48,140,-4.264,-8.44,-0.5309149492836198,1.4138130829620992,0.8828981336784794,0.4414490668392397
PEG-thiol_n_3,ZnO_12_0,2hav,46.88511730396434,46.971943398314195,0.43665668119468004,49,144,-4.248,-8.44,-0.5404997205727391,1.4138130829620992,0.8733133623893601,0.43665668119468
6-Mercaptohexanoic_acid,ZnO_12_0,2hav,46.23959236876774,46.32747369295308,0.4153904698969465,50,148,-4.177,-8.44,-0.5830321431682062,1.4138130829620992,0.830780939793893,0.4153904698969465
PEG-dithiol_n_3,ZnO_12_0,2hav,45.81227304546859,45.90085290208022,0.40131283706605264,51,150,-4.13,-8.44,-0.6111874088299939,1.4138130829620992,0.8026256741321053,0.4013128370660526
4-Aminothiophenol,ZnO_12_0,2hav,45.139472408784805,45.229152082408056,0.3791480534599644,52,152,-4.056,-8.44,-0.6555169760421704,1.4138130829620992,0.7582961069199288,0.3791480534599644
mPEG-thiol_n_3_methyl-capped,ZnO_12_0,2hav,44.68487738399847,44.775300177224175,0.3641718483207156,53,154,-4.006,-8.44,-0.685469386320668,1.4138130829620992,0.7283436966414312,0.3641718483207156
Tris_buffer_Tris_base,ZnO_12_0,2hav,44.63941788151984,44.729914986705786,0.36267422780679076,54,155,-4.001,-8.44,-0.6884646273485177,1.4138130829620992,0.7253484556135815,0.3626742278067907
3-Mercapto-1-propanesulfonic_acid_MPS,ZnO_12_0,2hav,43.9848010458275,44.076368243240985,0.3411084924062723,55,158,-3.929,-8.44,-0.7315960981495546,1.4138130829620992,0.6822169848125446,0.3411084924062723
L-Cysteine,ZnO_12_0,2hav,43.39382751360527,43.48636076650192,0.3216394257252488,56,163,-3.864,-8.44,-0.7705342315116016,1.4138130829620992,0.6432788514504976,0.3216394257252488
Gemcitabine,Au_13,2hav,43.09837230238226,43.1913885314382,0.3119059319308201,57,166,-7.323,-2.34,1.3015735115548697,-0.6777616476932294,0.6238118638616402,0.3119059319308201
Gemcitabine,Ag_13,2hav,42.213694001659285,42.30815640093549,0.28276103814299997,58,171,-7.323,-2.17,1.3015735115548697,-0.7360514352688697,0.5655220762859999,0.2827610381429999
RGD_peptide_Arg-Gly-Asp,Au_13,2hav,42.107355148348034,42.201991378137315,0.27925780472725764,59,172,-7.214,-2.34,1.2362772571477447,-0.6777616476932294,0.5585156094545153,0.2792578047272576
RGD_peptide_Arg-Gly-Asp,Ag_13,2hav,41.22267684762508,41.31875924763461,0.2501129109394375,60,176,-7.214,-2.17,1.2362772571477447,-0.7360514352688697,0.500225821878875,0.2501129109394375
3-Mercaptopropionic_acid,ZnO_12_0,2hav,40.60261406141716,40.69971006867283,0.22968552617026078,61,182,-3.557,-8.44,-0.9544420306215776,1.4138130829620992,0.4593710523405216,0.2296855261702608
Thiomethyl_PEG_linker_2-_2-methoxyethoxy_ethanethiol,ZnO_12_0,2hav,40.329857046545364,40.4273989255625,0.2206998030867116,62,184,-3.527,-8.44,-0.972413476788676,1.4138130829620992,0.4413996061734232,0.2206998030867116
1-Hexanethiol,ZnO_12_0,2hav,39.89344582275048,39.991701096585956,0.20632264615303264,63,186,-3.479,-8.44,-1.001167790656034,1.4138130829620992,0.4126452923060653,0.2063226461530326
Thioglycolic_acid_mercaptoacetic_acid,ZnO_12_0,2hav,38.38419034045984,38.48491277137544,0.1566016450907265,64,191,-3.313,-8.44,-1.1006097927806462,1.4138130829620992,0.313203290181453,0.1566016450907265
Glutathione_GSH,Au_13,2hav,37.12499367668978,37.22777449732187,0.11511859640109018,65,196,-6.666,-2.34,0.9079988404954098,-0.6777616476932294,0.2302371928021803,0.1151185964010901
Biotin,Au_13,2hav,36.406733537527366,36.51068848713132,0.09145619228107682,66,199,-6.587,-2.34,0.8606740322553831,-0.6777616476932294,0.1829123845621536,0.0914561922810768
Glutathione_GSH,Ag_13,2hav,36.240315375966816,36.34454236681917,0.08597370261327003,67,200,-6.666,-2.17,0.9079988404954098,-0.7360514352688697,0.17194740522654,0.08597370261327
Biotin,Ag_13,2hav,35.5220552368044,35.62745635662861,0.06231129849325667,68,202,-6.587,-2.17,0.8606740322553831,-0.7360514352688697,0.1246225969865133,0.0623112984932566
Polyethyleneimine_fragment_ethylenediamine,ZnO_12_0,2hav,34.656511137211865,34.763327148867546,0.033796762948885894,69,206,-2.903,-8.44,-1.3462195570643274,1.4138130829620992,0.0675935258977717,0.0337967629488858
1-Butanethiol,ZnO_12_0,2hav,33.91097529656227,34.01901002436596,0.009235786520517819,70,209,-2.821,-8.44,-1.3953415099210635,1.4138130829620992,0.0184715730410356,0.0092357865205178
Mercaptoethanol_2-mercaptoethanol,ZnO_12_0,2hav,33.15634755541696,33.2656158617607,-0.015624714010635365,71,212,-2.738,-8.44,-1.44506251098337,1.4138130829620992,-0.0312494280212707,-0.0156247140106353
Thioacetic_acid,ZnO_12_0,2hav,33.065428550459686,33.17484548072393,-0.018619955038485014,72,214,-2.728,-8.44,-1.4510529930390692,1.4138130829620992,-0.03723991007697,-0.018619955038485
Cysteamine_2-aminoethanethiol,ZnO_12_0,2hav,32.6290173266648,32.73914765174739,-0.03299711197216393,73,216,-2.68,-8.44,-1.479807306906427,1.4138130829620992,-0.0659942239443278,-0.0329971119721639
SDS_dodecyl_sulfate_anion,Au_13,2hav,30.05149509101437,30.16583885266053,-0.11791115556562207,74,227,-5.888,-2.34,0.4419393365619853,-0.6777616476932294,-0.2358223111312441,-0.117911155565622
HEPES,Au_13,2hav,29.86056518060411,29.975221052483295,-0.12420116172410656,75,228,-5.867,-2.34,0.4293593242450163,-0.6777616476932294,-0.2484023234482131,-0.1242011617241065
D-Galactose,Au_13,2hav,29.1786726434246,29.29444319470746,-0.14666546943297992,76,232,-5.792,-2.34,0.3844307088272696,-0.6777616476932294,-0.2933309388659598,-0.1466654694329799
SDS_dodecyl_sulfate_anion,Ag_13,2hav,29.166816790291403,29.282606722157823,-0.14705604935344221,77,233,-5.888,-2.17,0.4419393365619853,-0.7360514352688697,-0.2941120987068844,-0.1470560493534422
Sodium_citrate_citrate3-,Au_13,2hav,29.02411033499725,29.140133546944938,-0.15175737918032436,78,236,-5.775,-2.34,0.3742468893325807,-0.6777616476932294,-0.3035147583606487,-0.1517573791803243
HEPES,Ag_13,2hav,28.97588687988114,29.09198892198059,-0.1533460555119267,79,237,-5.867,-2.17,0.4293593242450163,-0.7360514352688697,-0.3066921110238534,-0.1533460555119267
D-Galactose,Ag_13,2hav,28.29399434270163,28.411211064204746,-0.17581036322080007,80,240,-5.792,-2.17,0.3844307088272696,-0.7360514352688697,-0.3516207264416001,-0.1758103632208
Sodium_citrate_citrate3-,Ag_13,2hav,28.139432034274282,28.256901416442233,-0.1809022729681445,81,243,-5.775,-2.17,0.3742468893325807,-0.7360514352688697,-0.3618045459362889,-0.1809022729681444
D-Glucose,Au_13,2hav,27.987633678484393,28.10535120312566,-0.18590312689781197,82,245,-5.661,-2.34,0.3059553938976055,-0.6777616476932294,-0.3718062537956239,-0.1859031268978119
Mannose,Au_13,2hav,27.514854852706605,27.63334522173442,-0.20147838024263062,83,251,-5.609,-2.34,0.2748048872079682,-0.6777616476932294,-0.4029567604852612,-0.2014783802426306
D-Glucose,Ag_13,2hav,27.102955377761425,27.222119072622956,-0.2150480206856321,84,256,-5.661,-2.17,0.3059553938976055,-0.7360514352688697,-0.4300960413712641,-0.215048020685632
Citric_acid,Au_13,2hav,27.023892225937363,27.14318516413581,-0.21765268179301947,85,257,-5.555,-2.34,0.2424562841071905,-0.6777616476932294,-0.4353053635860389,-0.2176526817930194
Mannose,Ag_13,2hav,26.630176551983638,26.75011309123171,-0.23062327403045077,86,265,-5.609,-2.17,0.2748048872079682,-0.7360514352688697,-0.4612465480609015,-0.2306232740304507
Histidine,Au_13,2hav,26.378367290740762,26.49871545877469,-0.23891889309075276,87,267,-5.484,-2.34,0.1999238615117239,-0.6777616476932294,-0.4778377861815055,-0.2389188930907527
11-Mercaptoundecanesulfonic_acid_MUS,Au_13,2hav,26.369275390245033,26.48963842067101,-0.2392184171935378,88,268,-5.483,-2.34,0.1993248133061538,-0.6777616476932294,-0.4784368343870756,-0.2392184171935378
Citric_acid,Ag_13,2hav,26.139213925214392,26.25995303363311,-0.24679757558083962,89,270,-5.555,-2.17,0.2424562841071905,-0.7360514352688697,-0.4935951511616792,-0.2467975755808396
Arginine,Au_13,2hav,25.669199052074077,25.790706486687817,-0.26228177310798106,90,273,-5.406,-2.34,0.1531981014772673,-0.6777616476932294,-0.5245635462159621,-0.262281773107981
Histidine,Ag_13,2hav,25.493688990017795,25.61548332827199,-0.2680637868785729,91,274,-5.484,-2.17,0.1999238615117239,-0.7360514352688697,-0.5361275737571458,-0.2680637868785729
11-Mercaptoundecanesulfonic_acid_MUS,Ag_13,2hav,25.48459708952207,25.60640629016831,-0.26836331098135796,92,275,-5.483,-2.17,0.1993248133061538,-0.7360514352688697,-0.5367266219627159,-0.2683633109813579
5-Fluorouracil,Au_13,2hav,24.950938912911663,25.073620476497275,-0.28594417722799415,93,279,-5.327,-2.34,0.1058732932372411,-0.6777616476932294,-0.5718883544559883,-0.2859441772279941
Arginine,Ag_13,2hav,24.784520751351106,24.907474356185116,-0.2914266668958012,94,280,-5.406,-2.17,0.1531981014772673,-0.7360514352688697,-0.5828533337916024,-0.2914266668958012
Lipoic_acid_thioctic_acid,Au_13,2hav,24.269046375732156,24.392842618721435,-0.3084084849368675,95,289,-5.252,-2.34,0.0609446778194944,-0.6777616476932294,-0.6168169698737349,-0.3084084849368674
5-Fluorouracil,Ag_13,2hav,24.066260612188696,24.190388345994574,-0.3150890710158143,96,292,-5.327,-2.17,0.1058732932372411,-0.7360514352688697,-0.6301781420316286,-0.3150890710158143
11-Mercaptoundecanoic_acid_MUA,Au_13,2hav,24.059932664330447,24.184070742336853,-0.31529753930092186,97,293,-5.229,-2.34,0.0471665690913857,-0.6777616476932294,-0.6305950786018437,-0.3152975393009218
Dihydrolipoic_acid_DHLA,Au_13,2hav,23.623521440535562,23.748372913360317,-0.3296746962346008,98,295,-5.181,-2.34,0.0184122552240279,-0.6777616476932294,-0.6593493924692015,-0.3296746962346008
Lipoic_acid_thioctic_acid,Ag_13,2hav,23.38436807500919,23.50961048821873,-0.33755337872468766,99,296,-5.252,-2.17,0.0609446778194944,-0.7360514352688697,-0.6751067574493752,-0.3375533787246876
11-Mercaptoundecanoic_acid_MUA,Ag_13,2hav,23.175254363607475,23.300838611834145,-0.344442433088742,100,299,-5.229,-2.17,0.0471665690913857,-0.7360514352688697,-0.688884866177484,-0.344442433088742
Dihydrolipoic_acid_DHLA,Ag_13,2hav,22.738843139812595,22.86514078285761,-0.3588195900224209,101,301,-5.181,-2.17,0.0184122552240279,-0.7360514352688697,-0.7176391800448418,-0.3588195900224209
4-Mercaptobenzoic_acid,Au_13,2hav,21.98697935130475,22.11450605469831,-0.3835890347358965,102,307,-5.001,-2.34,-0.0894164217785636,-0.6777616476932294,-0.7671780694717931,-0.3835890347358965
4-Mercaptobenzoic_acid,Ag_13,2hav,21.102301050581783,21.23127392419561,-0.41273392852371665,103,310,-5.001,-2.17,-0.0894164217785636,-0.7360514352688697,-0.8254678570474334,-0.4127339285237167
1-Dodecanethiol,Au_13,2hav,20.54136717248419,20.671256996213533,-0.43121336707870805,104,318,-4.842,-2.34,-0.1846650864641867,-0.6777616476932294,-0.8624267341574162,-0.4312133670787081
Lysine,Au_13,2hav,19.85038273480896,19.98140210033402,-0.45397719889036625,105,323,-4.766,-2.34,-0.230192750087503,-0.6777616476932294,-0.9079543977807324,-0.4539771988903662
PVP_monomer_N-vinyl-2-pyrrolidone,Au_13,2hav,19.723096127868786,19.854323566882528,-0.458170536329356,106,325,-4.752,-2.34,-0.2385794249654825,-0.6777616476932294,-0.916341072658712,-0.458170536329356
1-Dodecanethiol,Ag_13,2hav,19.656688871761222,19.78802486571083,-0.4603582608665282,107,326,-4.842,-2.17,-0.1846650864641867,-0.7360514352688697,-0.9207165217330564,-0.4603582608665282
Lysine,Ag_13,2hav,18.965704434085993,19.098169969831318,-0.4831220926781864,108,328,-4.766,-2.17,-0.230192750087503,-0.7360514352688697,-0.9662441853563728,-0.4831220926781864
PVP_monomer_N-vinyl-2-pyrrolidone,Ag_13,2hav,18.838417827145815,18.971091436379826,-0.48731543011717615,109,330,-4.752,-2.17,-0.2385794249654825,-0.7360514352688697,-0.9746308602343524,-0.4873154301171761
PEG-thiol_n_6,Au_13,2hav,18.732078973834568,18.86492641358165,-0.4908186635329185,110,331,-4.643,-2.34,-0.3038756793726075,-0.6777616476932294,-0.981637327065837,-0.4908186635329185
mPEG-thiol_n_6_methyl-capped,Au_13,2hav,18.57751666540722,18.710616765819132,-0.4959105732802629,111,332,-4.626,-2.34,-0.3140594988672964,-0.6777616476932294,-0.9918211465605258,-0.4959105732802629
2-Mercaptosuccinic_acid,Au_13,2hav,18.37749485450123,18.510921927538217,-0.5025001035415324,112,333,-4.604,-2.34,-0.3272385593898355,-0.6777616476932294,-1.005000207083065,-0.5025001035415325
PEG-thiol_n_6,Ag_13,2hav,17.8474006731116,17.981694283078944,-0.5199635573207386,113,337,-4.643,-2.17,-0.3038756793726075,-0.7360514352688697,-1.0399271146414772,-0.5199635573207386
mPEG-thiol_n_6_methyl-capped,Ag_13,2hav,17.69283836468425,17.827384635316427,-0.525055467068083,114,339,-4.626,-2.17,-0.3140594988672964,-0.7360514352688697,-1.050110934136166,-0.525055467068083
PEG-amine_n_3_proxy,Au_13,2hav,17.550131909390092,17.68491146010353,-0.5297567968949655,115,342,-4.513,-2.34,-0.3817519460967015,-0.6777616476932294,-1.059513593789931,-0.5297567968949655
Dithiothreitol_DTT,Au_13,2hav,17.541040008894367,17.675834421999856,-0.5300563209977505,116,343,-4.512,-2.34,-0.3823509943022716,-0.6777616476932294,-1.060112641995501,-0.5300563209977505
2-Mercaptosuccinic_acid,Ag_13,2hav,17.49281655377826,17.62768979703551,-0.5316449973293527,117,345,-4.604,-2.17,-0.3272385593898355,-0.7360514352688697,-1.063289994658705,-0.5316449973293527
PEG-amine_n_3_proxy,Ag_13,2hav,16.665453608667125,16.801679329600827,-0.5589016906827856,118,351,-4.513,-2.17,-0.3817519460967015,-0.7360514352688697,-1.1178033813655712,-0.5589016906827856
Dithiothreitol_DTT,Ag_13,2hav,16.656361708171392,16.792602291497147,-0.5592012147855707,119,352,-4.512,-2.17,-0.3823509943022716,-0.7360514352688697,-1.1184024295711414,-0.5592012147855707
L-Homocysteine,Au_13,2hav,16.613666158330243,16.74997653542472,-0.560607779481818,120,354,-4.41,-2.34,-0.4434539112704065,-0.6777616476932294,-1.121215558963636,-0.5606077794818181
Methionine,Au_13,2hav,16.531839053868698,16.668283192491618,-0.5633034964068828,121,355,-4.401,-2.34,-0.4488453451205363,-0.6777616476932294,-1.126606992813766,-0.5633034964068829
L-Homocysteine,Ag_13,2hav,15.728987857607272,15.866744404922018,-0.5897526732696381,122,361,-4.41,-2.17,-0.4434539112704065,-0.7360514352688697,-1.1795053465392762,-0.5897526732696381
Methionine,Ag_13,2hav,15.647160753145727,15.785051061988913,-0.5924483901947031,123,362,-4.401,-2.17,-0.4488453451205363,-0.7360514352688697,-1.1848967803894062,-0.5924483901947031
PEG-thiol_n_4,Au_13,2hav,15.286248685954135,15.42472897228776,-0.6043382984884247,124,367,-4.264,-2.34,-0.5309149492836198,-0.6777616476932294,-1.2086765969768494,-0.6043382984884247
PEG-thiol_n_3,Au_13,2hav,15.140778278022509,15.279496362628917,-0.6091306841329842,125,368,-4.248,-2.34,-0.5404997205727391,-0.6777616476932294,-1.2182613682659684,-0.6091306841329842
6-Mercaptohexanoic_acid,Au_13,2hav,14.495253342825904,14.635026657267787,-0.6303968954307178,126,374,-4.177,-2.34,-0.5830321431682062,-0.6777616476932294,-1.2607937908614355,-0.6303968954307178
PEG-thiol_n_4,Ag_13,2hav,14.401570385231167,14.541496841785056,-0.6334831922762447,127,375,-4.264,-2.17,-0.5309149492836198,-0.7360514352688697,-1.2669663845524894,-0.6334831922762447
PEG-thiol_n_3,Ag_13,2hav,14.256099977299536,14.396264232126208,-0.6382755779208045,128,381,-4.248,-2.17,-0.5404997205727391,-0.7360514352688697,-1.276551155841609,-0.6382755779208045
PEG-dithiol_n_3,Au_13,2hav,14.067934019526747,14.208405866394928,-0.6444745282616117,129,382,-4.13,-2.34,-0.6111874088299939,-0.6777616476932294,-1.2889490565232231,-0.6444745282616117
6-Mercaptohexanoic_acid,Ag_13,2hav,13.610575042102932,13.751794526765078,-0.659541789218538,130,385,-4.177,-2.17,-0.5830321431682062,-0.7360514352688697,-1.319083578437076,-0.659541789218538
4-Aminothiophenol,Au_13,2hav,13.395133382842971,13.536705046722775,-0.6666393118676999,131,387,-4.056,-2.34,-0.6555169760421704,-0.6777616476932294,-1.3332786237353995,-0.6666393118676999
PEG-dithiol_n_3,Ag_13,2hav,13.183255718803778,13.325173735892225,-0.6736194220494318,132,388,-4.13,-2.17,-0.6111874088299939,-0.7360514352688697,-1.3472388440988636,-0.6736194220494318
mPEG-thiol_n_3_methyl-capped,Au_13,2hav,12.940538358056635,13.082853141538886,-0.6816155170069487,133,390,-4.006,-2.34,-0.685469386320668,-0.6777616476932294,-1.3632310340138971,-0.6816155170069487
Tris_buffer_Tris_base,Au_13,2hav,12.895078855578003,13.037467951020497,-0.6831131375208735,134,391,-4.001,-2.34,-0.6884646273485177,-0.6777616476932294,-1.366226275041747,-0.6831131375208735
4-Aminothiophenol,Ag_13,2hav,12.51045508212,12.653472916220068,-0.6957842056555201,135,394,-4.056,-2.17,-0.6555169760421704,-0.7360514352688697,-1.3915684113110405,-0.6957842056555201
3-Mercapto-1-propanesulfonic_acid_MPS,Au_13,2hav,12.240462019885674,12.38392120755569,-0.704678872921392,136,397,-3.929,-2.34,-0.7315960981495546,-0.6777616476932294,-1.409357745842784,-0.704678872921392
mPEG-thiol_n_3_methyl-capped,Ag_13,2hav,12.055860057333662,12.199621011036179,-0.7107604107947689,137,398,-4.006,-2.17,-0.685469386320668,-0.7360514352688697,-1.421520821589538,-0.7107604107947689
Tris_buffer_Tris_base,Ag_13,2hav,12.010400554855034,12.154235820517792,-0.7122580313086937,138,400,-4.001,-2.17,-0.6884646273485177,-0.7360514352688697,-1.4245160626173874,-0.7122580313086937
L-Cysteine,Au_13,2hav,11.649488487663433,11.793913730816632,-0.7241479396024155,139,403,-3.864,-2.34,-0.7705342315116016,-0.6777616476932294,-1.448295879204831,-0.7241479396024155
3-Mercapto-1-propanesulfonic_acid_MPS,Ag_13,2hav,11.3557837191627,11.500689077052982,-0.7338237667092122,140,408,-3.929,-2.17,-0.7315960981495546,-0.7360514352688697,-1.4676475334184245,-0.7338237667092122
L-Cysteine,Ag_13,2hav,10.764810186940464,10.910681600313927,-0.7532928333902357,141,419,-3.864,-2.17,-0.7705342315116016,-0.7360514352688697,-1.5065856667804711,-0.7532928333902357
3-Mercaptopropionic_acid,Au_13,2hav,8.858275035475321,9.007263032987542,-0.8161018391574035,142,427,-3.557,-2.34,-0.9544420306215776,-0.6777616476932294,-1.632203678314807,-0.8161018391574035
Thiomethyl_PEG_linker_2-_2-methoxyethoxy_ethanethiol,Au_13,2hav,8.585518020603523,8.73495188987721,-0.8250875622409527,143,428,-3.527,-2.34,-0.972413476788676,-0.6777616476932294,-1.6501751244819054,-0.8250875622409527
1-Hexanethiol,Au_13,2hav,8.149106796808638,8.299254060900674,-0.8394647191746316,144,430,-3.479,-2.34,-1.001167790656034,-0.6777616476932294,-1.6789294383492632,-0.8394647191746316
3-Mercaptopropionic_acid,Ag_13,2hav,7.973596734752352,8.124030902484837,-0.8452467329452237,145,431,-3.557,-2.17,-0.9544420306215776,-0.7360514352688697,-1.6904934658904471,-0.8452467329452236
Thiomethyl_PEG_linker_2-_2-methoxyethoxy_ethanethiol,Ag_13,2hav,7.700839719880554,7.851719759374506,-0.8542324560287728,146,434,-3.527,-2.17,-0.972413476788676,-0.7360514352688697,-1.7084649120575457,-0.8542324560287728
1-Hexanethiol,Ag_13,2hav,7.2644284960856655,7.416021930397967,-0.8686096129624519,147,435,-3.479,-2.17,-1.001167790656034,-0.7360514352688697,-1.7372192259249035,-0.8686096129624519
Thioglycolic_acid_mercaptoacetic_acid,Au_13,2hav,6.6398513145179985,6.792465735690159,-0.8891857202369378,148,439,-3.313,-2.34,-1.1006097927806462,-0.6777616476932294,-1.7783714404738755,-0.8891857202369378
Thioglycolic_acid_mercaptoacetic_acid,Ag_13,2hav,5.755173013795027,5.909233605187452,-0.918330614024758,149,440,-3.313,-2.17,-1.1006097927806462,-0.7360514352688697,-1.836661228049516,-0.918330614024758
Polyethyleneimine_fragment_ethylenediamine,Au_13,2hav,2.9121721112700323,3.0708801131822545,-1.0119906023787784,150,453,-2.903,-2.34,-1.3462195570643274,-0.6777616476932294,-2.0239812047575567,-1.0119906023787784
1-Butanethiol,Au_13,2hav,2.1666362706204403,2.3265629886806747,-1.0365515788071464,151,456,-2.821,-2.34,-1.3953415099210635,-0.6777616476932294,-2.073103157614293,-1.0365515788071464
Polyethyleneimine_fragment_ethylenediamine,Ag_13,2hav,2.02749381054706,2.1876479826795463,-1.0411354961665986,152,457,-2.903,-2.17,-1.3462195570643274,-0.7360514352688697,-2.082270992333197,-1.0411354961665986
Mercaptoethanol_2-mercaptoethanol,Au_13,2hav,1.412008529475114,1.57316882607541,-1.0614120793382997,153,459,-2.738,-2.34,-1.44506251098337,-0.6777616476932294,-2.1228241586765995,-1.0614120793382995
Thioacetic_acid,Au_13,2hav,1.3210895245178536,1.482398445038639,-1.0644073203661493,154,461,-2.728,-2.34,-1.4510529930390692,-0.6777616476932294,-2.1288146407322985,-1.0644073203661493
1-Butanethiol,Ag_13,2hav,1.2819579698974677,1.443330858177967,-1.0656964725949667,155,462,-2.821,-2.17,-1.3953415099210635,-0.7360514352688697,-2.1313929451899334,-1.0656964725949667
Cysteamine_2-aminoethanethiol,Au_13,2hav,0.8846783007229657,1.0467006160621,-1.0787844772998283,156,465,-2.68,-2.34,-1.479807306906427,-0.6777616476932294,-2.1575689545996566,-1.0787844772998283
Mercaptoethanol_2-mercaptoethanol,Ag_13,2hav,0.5273302287521482,0.6899366955727088,-1.0905569731261198,157,469,-2.738,-2.17,-1.44506251098337,-0.7360514352688697,-2.1811139462522395,-1.0905569731261198
Thioacetic_acid,Ag_13,2hav,0.436411223794881,0.5991663145359309,-1.0935522141539695,158,470,-2.728,-2.17,-1.4510529930390692,-0.7360514352688697,-2.187104428307939,-1.0935522141539695
Cysteamine_2-aminoethanethiol,Ag_13,2hav,0.0,0.1634684855593987,-1.1079293710876483,159,471,-2.68,-2.17,-1.479807306906427,-0.7360514352688697,-2.2158587421752967,-1.1079293710876483
