mean_fit_time,std_fit_time,mean_score_time,std_score_time,param_model__max_depth,param_model__max_features,param_model__min_samples_leaf,param_model__n_estimators,params,split0_test_score,split1_test_score,split2_test_score,split3_test_score,split4_test_score,mean_test_score,std_test_score,rank_test_score
0.20687122344970704,0.0033800910282471047,0.04748678207397461,0.00040567376279674873,,sqrt,1,300,"{'model__max_depth': None, 'model__max_features': 'sqrt', 'model__min_samples_leaf': 1, 'model__n_estimators': 300}",-0.5622044337977007,-0.7300661339278348,-0.37105491806067376,-0.38599005494258953,-0.9813426426583371,-0.6061316366774271,0.22882134402851972,39
0.37984800338745117,0.0008002806198378808,0.06335883140563965,0.0004425394470182274,,sqrt,1,600,"{'model__max_depth': None, 'model__max_features': 'sqrt', 'model__min_samples_leaf': 1, 'model__n_estimators': 600}",-0.5616150622619465,-0.7350685802665877,-0.35319608400346486,-0.3761602201171873,-0.9458970198461415,-0.5943873932990656,0.22370542523512557,37
0.19852089881896973,0.006900464019573198,0.05064725875854492,0.006621248407260603,,sqrt,2,300,"{'model__max_depth': None, 'model__max_features': 'sqrt', 'model__min_samples_leaf': 2, 'model__n_estimators': 300}",-0.6299471270465651,-0.7180197658770856,-0.4143638436607178,-0.3800997079696198,-1.0365402052837664,-0.6357941299675509,0.23740415693918143,45
0.4115457057952881,0.013891151809072794,0.07292585372924805,0.007626511078675499,,sqrt,2,600,"{'model__max_depth': None, 'model__max_features': 'sqrt', 'model__min_samples_leaf': 2, 'model__n_estimators': 600}",-0.6160296577034268,-0.724213428297835,-0.39712518044192835,-0.3739611384985186,-1.006606482583963,-0.6235871775051344,0.2325875069651014,43
0.201423978805542,0.005955089267497191,0.047575187683105466,0.0010792738537888941,,sqrt,4,300,"{'model__max_depth': None, 'model__max_features': 'sqrt', 'model__min_samples_leaf': 4, 'model__n_estimators': 300}",-0.7669521955748078,-1.0157563822038023,-0.5576434254506998,-0.49056576738339136,-1.0667377886106881,-0.7795311118446778,0.23288769754654007,53
0.3856360912322998,0.007714845955406909,0.06609482765197754,0.006603897909872877,,sqrt,4,600,"{'model__max_depth': None, 'model__max_features': 'sqrt', 'model__min_samples_leaf': 4, 'model__n_estimators': 600}",-0.7460276553598779,-1.0057821680683328,-0.5440402114545031,-0.47725419253412227,-1.0656405397969702,-0.7677489534427613,0.2367715483893081,49
0.21473817825317382,0.019848654527768878,0.047884035110473636,0.009167459359326056,,0.5,1,300,"{'model__max_depth': None, 'model__max_features': 0.5, 'model__min_samples_leaf': 1, 'model__n_estimators': 300}",-0.4843267665523734,-0.7204725557574384,-0.28895497484349597,-0.3296413416892583,-0.8211418770015466,-0.5289075031688226,0.21041376364699393,19
0.4109794139862061,0.009311820105379948,0.08590083122253418,0.01205005257425889,,0.5,1,600,"{'model__max_depth': None, 'model__max_features': 0.5, 'model__min_samples_leaf': 1, 'model__n_estimators': 600}",-0.46748791958586416,-0.7130397963157084,-0.2848160585386248,-0.33570754046374773,-0.8268714770611802,-0.5255845583930251,0.2113344484393136,14
0.2167051315307617,0.011895969248909923,0.04810285568237305,0.0007428281984980979,,0.5,2,300,"{'model__max_depth': None, 'model__max_features': 0.5, 'model__min_samples_leaf': 2, 'model__n_estimators': 300}",-0.47908967007659503,-0.6951680366710925,-0.2866708278822502,-0.3387935090050342,-0.8501643370577174,-0.5299772761385378,0.2136101825169152,20
0.40667548179626467,0.016890904483068885,0.07296371459960938,0.008381328032237633,,0.5,2,600,"{'model__max_depth': None, 'model__max_features': 0.5, 'model__min_samples_leaf': 2, 'model__n_estimators': 600}",-0.48858942528897426,-0.7055192690736823,-0.2872403391381388,-0.3381499639054611,-0.877188668265908,-0.5393375331344329,0.2228742078179395,28
0.21091985702514648,0.007223423716867387,0.048044586181640626,0.0007726057055898751,,0.5,4,300,"{'model__max_depth': None, 'model__max_features': 0.5, 'model__min_samples_leaf': 4, 'model__n_estimators': 300}",-0.48376731016131097,-0.8268724014396407,-0.3773673649542656,-0.32559163400131336,-0.8936546888070809,-0.5814506798727223,0.23424732916815297,31
0.4068875789642334,0.025582123738106526,0.07019071578979492,0.008255417936798405,,0.5,4,600,"{'model__max_depth': None, 'model__max_features': 0.5, 'model__min_samples_leaf': 4, 'model__n_estimators': 600}",-0.4856978260294661,-0.8269478946748741,-0.3629029681615457,-0.3213087219633679,-0.9223296677984835,-0.5838374157255475,0.24537499217441908,34
0.20589227676391603,0.0007218357278452763,0.046735191345214845,0.0004659733759861837,,1.0,1,300,"{'model__max_depth': None, 'model__max_features': 1.0, 'model__min_samples_leaf': 1, 'model__n_estimators': 300}",-0.4490989089905303,-0.7168618012836143,-0.2836744166997274,-0.3377178082245797,-0.7963284181869623,-0.5167362706770827,0.20452982536728959,9
0.3881197929382324,0.018955538111907196,0.06689438819885254,0.005983962825399646,,1.0,1,600,"{'model__max_depth': None, 'model__max_features': 1.0, 'model__min_samples_leaf': 1, 'model__n_estimators': 600}",-0.45546237620937224,-0.7203965064107916,-0.27978663898297185,-0.3469884161576137,-0.7835277428798592,-0.5172323361281218,0.20068278604392248,11
0.2010031223297119,0.005954197979605247,0.04727349281311035,0.0004608033655100037,,1.0,2,300,"{'model__max_depth': None, 'model__max_features': 1.0, 'model__min_samples_leaf': 2, 'model__n_estimators': 300}",-0.44923313421386085,-0.69545119656853,-0.2834852776994732,-0.34771724620863503,-0.788122428292864,-0.5128018565966727,0.19649030663151884,4
0.37868103981018064,0.008561829208045307,0.07283778190612793,0.012802248384834444,,1.0,2,600,"{'model__max_depth': None, 'model__max_features': 1.0, 'model__min_samples_leaf': 2, 'model__n_estimators': 600}",-0.4504717379980758,-0.7039824288842658,-0.2748467350437561,-0.35262666169505946,-0.7948331847123615,-0.5153521496667037,0.20110839758933188,7
0.1960603713989258,0.012252893048420019,0.04441523551940918,0.005790554092894737,,1.0,4,300,"{'model__max_depth': None, 'model__max_features': 1.0, 'model__min_samples_leaf': 4, 'model__n_estimators': 300}",-0.45918362672905877,-0.7782531495046887,-0.3301089731827313,-0.3033313633151354,-0.7651982902549932,-0.5272150805973215,0.20652318769540565,15
0.4230010986328125,0.03918372274826329,0.07252697944641114,0.012446699503022017,,1.0,4,600,"{'model__max_depth': None, 'model__max_features': 1.0, 'model__min_samples_leaf': 4, 'model__n_estimators': 600}",-0.4671725346206929,-0.7679470106407174,-0.3241402572875231,-0.3005118305467895,-0.7922875240436162,-0.5304118314278679,0.21185042889301878,22
0.22858824729919433,0.023884269617847762,0.044678783416748045,0.005929989083785143,5,sqrt,1,300,"{'model__max_depth': 5, 'model__max_features': 'sqrt', 'model__min_samples_leaf': 1, 'model__n_estimators': 300}",-0.5884501614026783,-0.772021143986104,-0.3653789007671896,-0.3755355147574943,-0.9785991921510638,-0.6159969826129059,0.2354628926706531,42
0.3985897541046143,0.02164720035574338,0.07008957862854004,0.007643612941754692,5,sqrt,1,600,"{'model__max_depth': 5, 'model__max_features': 'sqrt', 'model__min_samples_leaf': 1, 'model__n_estimators': 600}",-0.5830224613068619,-0.772651129044551,-0.3607890891651029,-0.3675867482029992,-0.9607022534942214,-0.6089503362427473,0.2328261161189916,40
0.19585766792297363,0.007056139121242082,0.04670205116271973,0.0004249270493032562,5,sqrt,2,300,"{'model__max_depth': 5, 'model__max_features': 'sqrt', 'model__min_samples_leaf': 2, 'model__n_estimators': 300}",-0.6730196346793427,-0.7309261963181919,-0.4256111754335649,-0.38801759103780087,-1.054616851276825,-0.6544382897491451,0.24069914178697432,48
0.40299081802368164,0.022048311435152984,0.07639756202697753,0.006952324267661467,5,sqrt,2,600,"{'model__max_depth': 5, 'model__max_features': 'sqrt', 'model__min_samples_leaf': 2, 'model__n_estimators': 600}",-0.6471976247506919,-0.7323108953617843,-0.41564272318859347,-0.38211253873948997,-1.0435521228126279,-0.6441631809706376,0.24007619331611127,47
0.20052218437194824,0.005233338234121938,0.04645662307739258,0.000826906720353718,5,sqrt,4,300,"{'model__max_depth': 5, 'model__max_features': 'sqrt', 'model__min_samples_leaf': 4, 'model__n_estimators': 300}",-0.7682069641316996,-1.0160791741078488,-0.5572665602904733,-0.4906011500052806,-1.0669956493024368,-0.7798298995675479,0.23306681004951357,54
0.383251953125,0.00663868078632462,0.06303811073303223,0.0006355367859769986,5,sqrt,4,600,"{'model__max_depth': 5, 'model__max_features': 'sqrt', 'model__min_samples_leaf': 4, 'model__n_estimators': 600}",-0.7467492627607456,-1.0059716487861186,-0.5438665370939995,-0.47704597769049545,-1.0661532478413558,-0.767957334834543,0.23700949426057938,51
0.20361452102661132,0.010411872067357927,0.04688100814819336,0.0004878435277685014,5,0.5,1,300,"{'model__max_depth': 5, 'model__max_features': 0.5, 'model__min_samples_leaf': 1, 'model__n_estimators': 300}",-0.4860697145400913,-0.7313707491056194,-0.2938761158473053,-0.3280420905261997,-0.8532359449518367,-0.5385189229942104,0.22051764115658895,27
0.3865965366363525,0.01689024835605486,0.06969318389892579,0.007478317571532452,5,0.5,1,600,"{'model__max_depth': 5, 'model__max_features': 0.5, 'model__min_samples_leaf': 1, 'model__n_estimators': 600}",-0.48298913916479597,-0.7272315760434438,-0.2860257082063176,-0.32533296069133805,-0.8528839545272446,-0.534892667726628,0.22210660717969907,26
0.20053558349609374,0.006491902630101328,0.04708628654479981,0.0005675061847923534,5,0.5,2,300,"{'model__max_depth': 5, 'model__max_features': 0.5, 'model__min_samples_leaf': 2, 'model__n_estimators': 300}",-0.48296687296266777,-0.7019613145631437,-0.2907322057856951,-0.3383604429762793,-0.8603951062519598,-0.5348831885079491,0.2167022401798579,25
0.3794096946716309,0.0006946470303459837,0.06299161911010742,0.0009453814553677982,5,0.5,2,600,"{'model__max_depth': 5, 'model__max_features': 0.5, 'model__min_samples_leaf': 2, 'model__n_estimators': 600}",-0.48188499258861833,-0.7061262246901954,-0.2923635855566432,-0.3409312033852551,-0.8957664955341919,-0.5434145003509808,0.22734949370592086,30
0.20196642875671386,0.005763918942947874,0.04722228050231934,0.0001834125848951542,5,0.5,4,300,"{'model__max_depth': 5, 'model__max_features': 0.5, 'model__min_samples_leaf': 4, 'model__n_estimators': 300}",-0.483756805777351,-0.8266505679912033,-0.37714070202668837,-0.32829931047643085,-0.8950336518780732,-0.5821762076299493,0.2340200459032595,33
0.39146032333374026,0.02963082356411423,0.06633501052856446,0.006727828895367196,5,0.5,4,600,"{'model__max_depth': 5, 'model__max_features': 0.5, 'model__min_samples_leaf': 4, 'model__n_estimators': 600}",-0.48570085163537163,-0.826822758848009,-0.36291047048839037,-0.32146835010954444,-0.9230385185847224,-0.5839881899332076,0.24551015393436335,36
0.19473047256469728,0.007717941524806143,0.04377431869506836,0.0051013078458800164,5,1.0,1,300,"{'model__max_depth': 5, 'model__max_features': 1.0, 'model__min_samples_leaf': 1, 'model__n_estimators': 300}",-0.4692545487228556,-0.7283000004398144,-0.28698168232463145,-0.30669873459454666,-0.7717998279635527,-0.5126069588090802,0.20439609843467946,3
0.3664234638214111,0.00567381831095146,0.06271891593933106,0.0009875899434224633,5,1.0,1,600,"{'model__max_depth': 5, 'model__max_features': 1.0, 'model__min_samples_leaf': 1, 'model__n_estimators': 600}",-0.47627200398226127,-0.7182439073528873,-0.2831731433727541,-0.3152599662769536,-0.7786999030386479,-0.5143297848047009,0.2029695095316164,6
0.19459214210510253,0.00771985871295549,0.044144630432128906,0.005618252775885419,5,1.0,2,300,"{'model__max_depth': 5, 'model__max_features': 1.0, 'model__min_samples_leaf': 2, 'model__n_estimators': 300}",-0.44632821943984974,-0.7061532434771255,-0.28623177883518974,-0.3167513404744251,-0.8024150411821543,-0.5115759246817488,0.20757725809661312,1
0.373547887802124,0.01868991860079234,0.06662130355834961,0.00610054660273362,5,1.0,2,600,"{'model__max_depth': 5, 'model__max_features': 1.0, 'model__min_samples_leaf': 2, 'model__n_estimators': 600}",-0.4495189353875873,-0.7112896644992683,-0.2806355702911308,-0.31722396676064574,-0.8004518265048624,-0.5118239926886989,0.20894581000413615,2
0.20036764144897462,0.011197433968580663,0.04743976593017578,0.0006957011225975257,5,1.0,4,300,"{'model__max_depth': 5, 'model__max_features': 1.0, 'model__min_samples_leaf': 4, 'model__n_estimators': 300}",-0.4594375455090633,-0.7787256695923302,-0.3303499649311939,-0.30232632427235456,-0.7671801190184521,-0.5276039246646789,0.20725089181607664,17
0.3761181354522705,0.006790645127714232,0.07504987716674805,0.016803625166758,5,1.0,4,600,"{'model__max_depth': 5, 'model__max_features': 1.0, 'model__min_samples_leaf': 4, 'model__n_estimators': 600}",-0.4672660710429887,-0.7682875963613099,-0.3243053571099031,-0.2994815184994714,-0.7942595787935292,-0.5307200243614405,0.21260108826520904,24
0.21010432243347169,0.0199398624959092,0.04791417121887207,0.001418022800281791,10,sqrt,1,300,"{'model__max_depth': 10, 'model__max_features': 'sqrt', 'model__min_samples_leaf': 1, 'model__n_estimators': 300}",-0.572562634088435,-0.7267740545405321,-0.37324299435259556,-0.3927064472784669,-1.0042525960342135,-0.6139077452588486,0.23395164503477156,41
0.370350980758667,0.006964972359261342,0.06322803497314453,0.00047055272172142037,10,sqrt,1,600,"{'model__max_depth': 10, 'model__max_features': 'sqrt', 'model__min_samples_leaf': 1, 'model__n_estimators': 600}",-0.5683795733855642,-0.7267360654642717,-0.34843597400792586,-0.3817808007985028,-0.9506400307130288,-0.5951944888738587,0.22396380341235644,38
0.19341650009155273,0.011413720145207452,0.04572486877441406,0.005924016795877201,10,sqrt,2,300,"{'model__max_depth': 10, 'model__max_features': 'sqrt', 'model__min_samples_leaf': 2, 'model__n_estimators': 300}",-0.6299471270465651,-0.7190546610356165,-0.4143638436607178,-0.3800997079696197,-1.035871084889547,-0.6358672849204131,0.23725052400915692,46
0.3701813220977783,0.007042402755882069,0.06296091079711914,0.0007991028450043869,10,sqrt,2,600,"{'model__max_depth': 10, 'model__max_features': 'sqrt', 'model__min_samples_leaf': 2, 'model__n_estimators': 600}",-0.6160296577034268,-0.72497009104986,-0.3970887366356629,-0.3739611384985186,-1.00658792763303,-0.6237275103040997,0.23265415984368853,44
0.18885550498962403,0.0009947553390219322,0.046979522705078124,0.0008350941411862864,10,sqrt,4,300,"{'model__max_depth': 10, 'model__max_features': 'sqrt', 'model__min_samples_leaf': 4, 'model__n_estimators': 300}",-0.7669521955748076,-1.0157563822038023,-0.5576434254506999,-0.49056576738339136,-1.0667377886106881,-0.7795311118446777,0.23288769754654007,52
0.381893253326416,0.005851981661911296,0.06866168975830078,0.007273979036508294,10,sqrt,4,600,"{'model__max_depth': 10, 'model__max_features': 'sqrt', 'model__min_samples_leaf': 4, 'model__n_estimators': 600}",-0.7460276553598779,-1.0057821680683328,-0.5440402114545032,-0.47725419253412227,-1.0656405397969702,-0.7677489534427613,0.23677154838930808,49
0.18828859329223632,0.0009282925104846855,0.03883671760559082,0.012239623507039069,10,0.5,1,300,"{'model__max_depth': 10, 'model__max_features': 0.5, 'model__min_samples_leaf': 1, 'model__n_estimators': 300}",-0.4871867597601909,-0.7178837362510353,-0.2880807867285111,-0.3260539175753661,-0.8224182035441541,-0.5283246807718515,0.21106707676240802,18
0.3668529510498047,0.006730332565771731,0.06329760551452637,0.0009537088936259466,10,0.5,1,600,"{'model__max_depth': 10, 'model__max_features': 0.5, 'model__min_samples_leaf': 1, 'model__n_estimators': 600}",-0.4649501704786955,-0.7159805224540478,-0.2839024633753648,-0.33310697069765394,-0.8216955086797167,-0.5239271271370958,0.21121220061041607,13
0.1887817859649658,0.0007536477493217364,0.0438197135925293,0.006169729845294021,10,0.5,2,300,"{'model__max_depth': 10, 'model__max_features': 0.5, 'model__min_samples_leaf': 2, 'model__n_estimators': 300}",-0.4790896700765951,-0.6951922380361367,-0.2866708278822503,-0.3387935090050342,-0.8501643370577173,-0.5299821164115468,0.21361392582269018,21
0.36715106964111327,0.007257862694665602,0.06336531639099122,0.0006119785862906019,10,0.5,2,600,"{'model__max_depth': 10, 'model__max_features': 0.5, 'model__min_samples_leaf': 2, 'model__n_estimators': 600}",-0.48858942528897426,-0.7055270916108959,-0.2872403391381388,-0.3381499639054609,-0.8772108760995557,-0.5393435392086052,0.22288210728348135,29
0.18951358795166015,0.0007080802945892533,0.04631772041320801,0.00019645474488260605,10,0.5,4,300,"{'model__max_depth': 10, 'model__max_features': 0.5, 'model__min_samples_leaf': 4, 'model__n_estimators': 300}",-0.48376731016131097,-0.8268724014396409,-0.3773673649542656,-0.32559163400131336,-0.8936546888070809,-0.5814506798727224,0.234247329168153,32
0.363796329498291,0.0016810733945617682,0.06313457489013671,0.0007167895497070319,10,0.5,4,600,"{'model__max_depth': 10, 'model__max_features': 0.5, 'model__min_samples_leaf': 4, 'model__n_estimators': 600}",-0.4856978260294661,-0.8269478946748741,-0.3629029681615457,-0.3213087219633679,-0.9223296677984835,-0.5838374157255475,0.24537499217441908,34
0.19202704429626466,0.0071681756103425635,0.038482952117919925,0.007238169236764334,10,1.0,1,300,"{'model__max_depth': 10, 'model__max_features': 1.0, 'model__min_samples_leaf': 1, 'model__n_estimators': 300}",-0.44805006016899657,-0.7205411855967101,-0.2827167264333489,-0.3431241492636509,-0.8040297194956706,-0.5196923681916754,0.2067144831987224,12
0.3667790412902832,0.005125197836718038,0.06381096839904785,0.0010950124008301876,10,1.0,1,600,"{'model__max_depth': 10, 'model__max_features': 1.0, 'model__min_samples_leaf': 1, 'model__n_estimators': 600}",-0.4534428927406513,-0.7217076322699556,-0.27956013444834615,-0.3470548628871035,-0.7821301356947747,-0.5167791316081664,0.2007473561039116,10
0.18917369842529297,0.0005476770052590275,0.04704961776733398,0.0004017698601371014,10,1.0,2,300,"{'model__max_depth': 10, 'model__max_features': 1.0, 'model__min_samples_leaf': 2, 'model__n_estimators': 300}",-0.44923313421386085,-0.69545119656853,-0.2834852776994732,-0.34771724620863503,-0.788122428292864,-0.5128018565966727,0.19649030663151884,4
0.357494592666626,0.0083991676340949,0.06388578414916993,0.0007839759258147278,10,1.0,2,600,"{'model__max_depth': 10, 'model__max_features': 1.0, 'model__min_samples_leaf': 2, 'model__n_estimators': 600}",-0.4504717379980757,-0.7039824288842658,-0.2748467350437561,-0.35262666169505946,-0.7948430430566082,-0.5153541213355531,0.201111137644339,8
0.19182753562927246,0.006261765377427645,0.04408984184265137,0.005606301793249511,10,1.0,4,300,"{'model__max_depth': 10, 'model__max_features': 1.0, 'model__min_samples_leaf': 4, 'model__n_estimators': 300}",-0.45918362672905877,-0.7782531495046887,-0.3301089731827313,-0.3033313633151353,-0.7651982902549932,-0.5272150805973215,0.20652318769540567,15
0.35098834037780763,0.005752131141661844,0.06279954910278321,0.001021594178433453,10,1.0,4,600,"{'model__max_depth': 10, 'model__max_features': 1.0, 'model__min_samples_leaf': 4, 'model__n_estimators': 600}",-0.4671725346206929,-0.7679470106407174,-0.3241402572875231,-0.3005118305467895,-0.7922875240436162,-0.5304118314278679,0.21185042889301878,22
