pdb,resname,chain,resseq,icode,n_atoms,center_x,center_y,center_z
1HZH,NAG,A,1,,14,66.967,121.932,125.63
1HZH,NAG,A,2,,14,64.26,125.304,122.199
1HZH,BMA,A,3,,11,61.591,126.493,117.455
1HZH,MAN,A,4,,11,62.576,124.42,112.576
1HZH,NAG,A,5,,14,59.269,127.94,110.763
1HZH,GAL,A,6,,11,54.322,130.438,112.971
1HZH,MAN,A,7,,11,58.632,128.758,121.756
1HZH,NAG,A,8,,14,58.913,133.771,122.527
1HZH,GAL,A,9,,11,59.843,138.99,123.532
1HZH,NAG,B,1,,14,60.52,118.271,105.669
1HZH,NAG,B,2,,14,56.525,118.295,109.07
1HZH,BMA,B,3,,11,53.954,120.28,113.758
1HZH,MAN,B,4,,11,50.657,119.857,109.077
1HZH,NAG,B,5,,14,46.543,116.945,109.641
1HZH,GAL,B,6,,11,42.372,113.654,108.507
1HZH,MAN,B,7,,11,56.794,121.681,118.37
1HZH,NAG,B,8,,14,53.219,120.212,122.274
1HZH,FUC,B,9,,10,56.526,121.57,104.098
2HAV,CIT,A,9202,,13,-48.333,-0.397,-23.425
2HAV,CIT,A,9203,,13,-51.964,-0.46,-33.214
2HAV,CIT,A,9207,,13,-22.615,-8.943,16.345
2HAV,CIT,B,9201,,13,14.366,38.856,25.478
2HAV,CIT,B,9204,,13,32.205,31.632,37.005
2HAV,CIT,B,9205,,13,33.778,39.358,42.156
2HAV,CIT,B,9206,,13,6.79,-7.293,19.326
3GHG,NAG,U,1,,14,-70.112,5.436,8.765
3GHG,NAG,U,2,,14,-66.437,5.912,4.589
3GHG,BMA,U,3,,11,-62.843,4.064,2.15
3GHG,MAN,U,4,,11,-62.718,9.365,2.808
3GHG,NAG,U,5,,14,-65.072,8.434,-2.03
3GHG,GAL,U,6,,11,-67.744,12.19,-4.608
3GHG,SIA,U,7,,20,-71.496,9.924,-5.939
3GHG,MAN,U,8,,11,-59.66,-0.049,0.692
3GHG,NAG,U,9,,14,-57.799,-2.401,2.606
3GHG,GAL,U,10,,11,-62.148,-6.165,0.768
3GHG,SIA,U,11,,20,-59.112,-9.681,-3.827
3GHG,NAG,V,1,,14,184.226,-10.105,-116.598
3GHG,NAG,V,2,,14,180.568,-8.768,-112.723
3GHG,BMA,V,3,,11,177.847,-10.118,-108.975
3GHG,MAN,V,4,,11,175.4,-5.549,-109.494
3GHG,NAG,V,5,,14,179.114,-5.847,-105.502
3GHG,GAL,V,6,,11,182.279,-1.681,-104.586
3GHG,SIA,V,7,,20,186.865,-4.733,-103.159
3GHG,MAN,V,8,,11,175.782,-15.328,-107.284
3GHG,NAG,V,9,,14,172.126,-15.263,-109.173
3GHG,GAL,V,10,,11,175.163,-20.661,-109.707
3GHG,SIA,V,11,,20,173.648,-26.295,-105.386
3GHG,NAG,W,1,,14,-36.335,-42.231,-32.979
3GHG,NAG,W,2,,14,-32.895,-41.362,-37.215
3GHG,BMA,W,3,,11,-30.07,-43.001,-40.864
3GHG,MAN,W,4,,11,-28.716,-38.031,-41.284
3GHG,MAN,W,5,,11,-27.848,-48.091,-42.777
3GHG,NAG,X,1,,14,217.684,-58.241,-158.655
3GHG,NAG,X,2,,14,214.393,-58.407,-154.286
3GHG,BMA,X,3,,11,211.285,-60.704,-151.204
3GHG,MAN,X,4,,11,211.163,-55.529,-151.385
3GHG,NAG,X,5,,14,213.827,-55.878,-147.004
3GHG,GAL,X,6,,11,215.691,-51.46,-144.345
3GHG,SIA,X,7,,20,219.657,-54.5,-143.783
3GHG,MAN,X,8,,11,207.789,-65.197,-150.239
3GHG,NAG,X,9,,14,206.49,-67.207,-152.885
3GHG,GAL,X,10,,11,209.309,-71.519,-150.118
3GHG,SIA,X,11,,20,205.547,-76.801,-147.425
3GHG,NAG,Y,1,,14,139.214,-53.072,-106.566
3GHG,NAG,Y,2,,14,142.865,-55.888,-109.489
